Main Tab,Group,Series,Manufacturer,Model
Motorsports,Formula 1 Hub,2024 Champion Series,Formula 1,BWT Alpine F1 Team A524
Motorsports,Formula 1 Hub,2024 Champion Series,Formula 1,Aston Martin Aramco Cognizant Formula One Team AMR24
Motorsports,Formula 1 Hub,2024 Champion Series,Formula 1,Scuderia Ferrari SF-24
Motorsports,Formula 1 Hub,2024 Champion Series,Formula 1,MoneyGram Haas F1 Team VF-24
Motorsports,Formula 1 Hub,2024 Champion Series,Formula 1,Kick Sauber F1 Team C44
Motorsports,Formula 1 Hub,2024 Champion Series,Formula 1,McLaren F1 Team MCL38
Motorsports,Formula 1 Hub,2024 Champion Series,Formula 1,Mercedes-AMG Petronas Formula One Team W15
Motorsports,Formula 1 Hub,2024 Champion Series,Formula 1,Visa Cash App RB Formula One Team VCARB 01
Motorsports,Formula 1 Hub,2024 Champion Series,Formula 1,Oracle Red Bull Racing RB20
Motorsports,Formula 1 Hub,2024 Champion Series,Formula 1,Williams Racing FW46
Motorsports,Formula 1 Hub,BWT Alpine F1 Team A524 Invitational Series,Formula 1,BWT Alpine F1 Team A524
Motorsports,Formula 1 Hub,Aston Martin Aramco Cognizant Formula One Team AMR24 Invitational Series,Formula 1,Aston Martin Aramco Cognizant Formula One Team AMR24
Motorsports,Formula 1 Hub,Racing Bulls VCARB 01 Invitational Series,Formula 1,Visa Cash App RB Formula One Team VCARB 01
Motorsports,Formula 1 Hub,Kick Sauber F1 Team C44 Invitational Series,Formula 1,Kick Sauber F1 Team C44
Motorsports,Formula 1 Hub,Williams Racing FW46 Invitational Series,Formula 1,Williams Racing FW46
Motorsports,Formula 1 Hub,McLaren F1 Team MCL38 Invitational Series,Formula 1,McLaren F1 Team MCL38
Motorsports,Formula 1 Hub,Oracle Red Bull Racing RB20 Invitational Series,Formula 1,Oracle Red Bull Racing RB20
Motorsports,Formula 1 Hub,MoneyGram Haas F1 Team VF-24 Invitational Series,Formula 1,MoneyGram Haas F1 Team VF-24
Motorsports,Formula 1 Hub,Mercedes-AMG Petronas Formula One Team W15 Invitational Series,Formula 1,Mercedes-AMG Petronas Formula One Team W15
Motorsports,Formula 1 Hub,Scuderia Ferrari SF-24 Invitational Series,Formula 1,Scuderia Ferrari SF-24
Motorsports,Formula 1 Hub,F1 Exhibition,Formula 1,F1 Debut Car
Motorsports,Formula 1 Hub,F1 Exhibition,Formula 1,R3 ESports Challenger
Motorsports,Formula 1 Hub,F1 Exhibition,Formula 1,Valente
Motorsports,Formula 1 Hub,F1 Reloaded,Formula 1,Valente
Motorsports,Formula 1 Hub,2023 Champion Series,Formula 1,BWT Alpine F1 Team A523
Motorsports,Formula 1 Hub,2023 Champion Series,Formula 1,Oracle Red Bull Racing RB19
Motorsports,Formula 1 Hub,2023 Champion Series,Formula 1,Scuderia AlphaTauri AT04
Motorsports,Formula 1 Hub,2023 Champion Series,Formula 1,Scuderia Ferrari SF-23
Motorsports,Formula 1 Hub,2023 Champion Series,Formula 1,Mercedes-AMG Petronas Formula One Team W14
Motorsports,Formula 1 Hub,2023 Champion Series,Formula 1,MoneyGram Haas F1 Team VF-23
Motorsports,Formula 1 Hub,2023 Champion Series,Formula 1,Alfa Romeo Racing Stake C43
Motorsports,Formula 1 Hub,2023 Champion Series,Formula 1,McLaren F1 Team MCL60
Motorsports,Formula 1 Hub,2023 Champion Series,Formula 1,Aston Martin Cognizant Formula One Team AMR23
Motorsports,Formula 1 Hub,2023 Champion Series,Formula 1,Williams Racing FW45
Motorsports,Formula 1 Hub,Mercedes-AMG Petronas Formula One Team W14 Limited Series,Formula 1,Mercedes-AMG Petronas Formula One Team W14
Motorsports,Formula 1 Hub,Oracle Red Bull Racing BR19 Limited Series,Formula 1,Oracle Red Bull Racing RB19
Motorsports,Formula 1 Hub,Scuderia Ferrari SF-23 Limited Series,Formula 1,Scuderia Ferrari SF-23
Motorsports,Formula 1 Hub,McLaren F1 Team MCL60 Limited Series,Formula 1,McLaren F1 Team MCL60
Motorsports,Formula 1 Hub,BWT Alpine F1 Team A523 Limited Series,Formula 1,BWT Alpine F1 Team A523
Motorsports,Formula 1 Hub,Aston Martin F1 Team AMR23 Limited Series,Formula 1,Aston Martin Cognizant Formula One Team AMR23
Motorsports,Formula 1 Hub,Scuderia AlphaTauri AT04 Limited Series,Formula 1,Scuderia AlphaTauri AT04
Motorsports,Formula 1 Hub,MoneyGram Haas F1 Team VF-23 Limited Series,Formula 1,MoneyGram Haas F1 Team VF-23
Motorsports,Formula 1 Hub,Alfa Romeo Racing Stake C43 Limited Series,Formula 1,Alfa Romeo Racing Stake C43
Motorsports,Formula 1 Hub,Williams Racing FW45 Limited Series,Formula 1,Williams Racing FW45
Motorsports,Formula 1 Hub,Mercedes-AMG F1 W14 Invitational Series,Formula 1,Mercedes-AMG Petronas Formula One Team W14
Motorsports,Formula 1 Hub,Red Bull Racing RB19 Invitational Series,Formula 1,Oracle Red Bull Racing RB19
Motorsports,Formula 1 Hub,Ferrari SF-23 Invitational Series,Formula 1,Scuderia Ferrari SF-23
Motorsports,Formula 1 Hub,McLaren MCL60 Invitational Series,Formula 1,McLaren F1 Team MCL60
Motorsports,Formula 1 Hub,Alpine A523 Invitational Series,Formula 1,BWT Alpine F1 Team A523
Motorsports,Formula 1 Hub,Aston Martin AMR23 Invitational Series,Formula 1,Aston Martin Cognizant Formula One Team AMR23
Motorsports,Formula 1 Hub,AlphaTauri AT04 Invitational Series,Formula 1,Scuderia AlphaTauri AT04
Motorsports,Formula 1 Hub,Haas VF-23 Invitational Series,Formula 1,MoneyGram Haas F1 Team VF-23
Motorsports,Formula 1 Hub,Alfa Romeo Racing C43 Invitational Series,Formula 1,Alfa Romeo Racing Stake C43
Motorsports,Formula 1 Hub,Williams FW45 Invitational Series,Formula 1,Williams Racing FW45
Motorsports,Formula 1 Hub,2022 Champion Series,Formula 1,BWT Alpine F1 Team A522
Motorsports,Formula 1 Hub,2022 Champion Series,Formula 1,Oracle Red Bull Racing RB18
Motorsports,Formula 1 Hub,2022 Champion Series,Formula 1,Scuderia AlphaTauri AT03
Motorsports,Formula 1 Hub,2022 Champion Series,Formula 1,Scuderia Ferrari F1-75
Motorsports,Formula 1 Hub,2022 Champion Series,Formula 1,Mercedes-AMG Petronas Formula One Team W13
Motorsports,Formula 1 Hub,2022 Champion Series,Formula 1,Haas F1 Team VF-22
Motorsports,Formula 1 Hub,2022 Champion Series,Formula 1,Alfa Romeo Racing Orlen C42
Motorsports,Formula 1 Hub,2022 Champion Series,Formula 1,McLaren F1 Team MCL36
Motorsports,Formula 1 Hub,2022 Champion Series,Formula 1,Aston Martin Aramco Cognizant Formula One Team AMR22
Motorsports,Formula 1 Hub,2022 Champion Series,Formula 1,Williams Racing FW44
Motorsports,Formula 1 Hub,Mercedes-AMG F1 W13 Invitational Series,Formula 1,Mercedes-AMG Petronas Formula One Team W13
Motorsports,Formula 1 Hub,Red Bull Racing RB18 Invitational Series,Formula 1,Oracle Red Bull Racing RB18
Motorsports,Formula 1 Hub,Ferrari F1-75 Invitational Series,Formula 1,Scuderia Ferrari F1-75
Motorsports,Formula 1 Hub,McLaren MCL36 Invitational Series,Formula 1,McLaren F1 Team MCL36
Motorsports,Formula 1 Hub,Alpine A522 Invitational Series,Formula 1,BWT Alpine F1 Team A522
Motorsports,Formula 1 Hub,Aston Martin AMR22 Invitational Series,Formula 1,Aston Martin Aramco Cognizant Formula One Team AMR22
Motorsports,Formula 1 Hub,AlphaTauri AT03 Invitational Series,Formula 1,Scuderia AlphaTauri AT03
Motorsports,Formula 1 Hub,Haas VF-22 Invitational Series,Formula 1,Haas F1 Team VF-22
Motorsports,Formula 1 Hub,Alfa Romeo Racing Orlen C42 Invitational Series,Formula 1,Alfa Romeo Racing Orlen C42
Motorsports,Formula 1 Hub,Williams FW44 Invitational Series,Formula 1,Williams Racing FW44
Motorsports,Formula 1 Hub,2021 Champion Series,Formula 1,Alpine F1 Team A521
Motorsports,Formula 1 Hub,2021 Champion Series,Formula 1,Red Bull Racing Honda RB16B
Motorsports,Formula 1 Hub,2021 Champion Series,Formula 1,Scuderia AlphaTauri Honda AT02
Motorsports,Formula 1 Hub,2021 Champion Series,Formula 1,Scuderia Ferrari SF21
Motorsports,Formula 1 Hub,2021 Champion Series,Formula 1,Mercedes-AMG Petronas Formula One Team W12
Motorsports,Formula 1 Hub,2021 Champion Series,Formula 1,Uralkali Haas F1 Team VF-21
Motorsports,Formula 1 Hub,2021 Champion Series,Formula 1,Alfa Romeo Racing Orlen C41
Motorsports,Formula 1 Hub,2021 Champion Series,Formula 1,McLaren F1 Team MCL35M
Motorsports,Formula 1 Hub,2021 Champion Series,Formula 1,Aston Martin Cognizant Formula One Team AMR21
Motorsports,Formula 1 Hub,2021 Champion Series,Formula 1,Williams Racing FW43B
Motorsports,Formula 1 Hub,Mercedes-AMG F1 W12 Invitational Series,Formula 1,Mercedes-AMG Petronas Formula One Team W12
Motorsports,Formula 1 Hub,Red Bull Racing RB16B Invitational Series,Formula 1,Red Bull Racing Honda RB16B
Motorsports,Formula 1 Hub,Ferrari SF21 Invitational Series,Formula 1,Scuderia Ferrari SF21
Motorsports,Formula 1 Hub,McLaren MCL35M Invitational Series,Formula 1,McLaren F1 Team MCL35M
Motorsports,Formula 1 Hub,Alpine A521 Invitational Series,Formula 1,Alpine F1 Team A521
Motorsports,Formula 1 Hub,Aston Martin AMR21 Invitational Series,Formula 1,Aston Martin Cognizant Formula One Team AMR21
Motorsports,Formula 1 Hub,AlphaTauri AT02 Invitational Series,Formula 1,Scuderia AlphaTauri Honda AT02
Motorsports,Formula 1 Hub,Haas VF-21 Invitational Series,Formula 1,Uralkali Haas F1 Team VF-21
Motorsports,Formula 1 Hub,Alfa Romeo Racing C41 Invitational Series,Formula 1,Alfa Romeo Racing Orlen C41
Motorsports,Formula 1 Hub,Williams FW43B Invitational Series,Formula 1,Williams Racing FW43B
Motorsports,Formula 1 Hub,2020 Champion Series,Formula 1,Renault DP World F1 Team R.S. 20
Motorsports,Formula 1 Hub,2020 Champion Series,Formula 1,Aston Martin Red Bull Racing RB16
Motorsports,Formula 1 Hub,2020 Champion Series,Formula 1,Scuderia AlphaTauri Honda AT01
Motorsports,Formula 1 Hub,2020 Champion Series,Formula 1,Scuderia Ferrari SF1000
Motorsports,Formula 1 Hub,2020 Champion Series,Formula 1,Mercedes-AMG Formula One Team W11 EQ Performance
Motorsports,Formula 1 Hub,2020 Champion Series,Formula 1,Haas F1 Team VF-20
Motorsports,Formula 1 Hub,2020 Champion Series,Formula 1,Alfa Romeo Racing Orlen C39
Motorsports,Formula 1 Hub,2020 Champion Series,Formula 1,McLaren F1 Team MCL35
Motorsports,Formula 1 Hub,2020 Champion Series,Formula 1,BWT Racing Point F1 Team RP20
Motorsports,Formula 1 Hub,2020 Champion Series,Formula 1,Williams Racing FW43
Motorsports,Formula 1 Hub,Mercedes-AMG F1 W11 EQ Performance Invitational Series,Formula 1,Mercedes-AMG Formula One Team W11 EQ Performance
Motorsports,Formula 1 Hub,Red Bull Racing RB16 Invitational Series,Formula 1,Aston Martin Red Bull Racing RB16
Motorsports,Formula 1 Hub,Ferrari SF1000 Invitational Series,Formula 1,Scuderia Ferrari SF1000
Motorsports,Formula 1 Hub,McLaren MCL35 Invitational Series,Formula 1,McLaren F1 Team MCL35
Motorsports,Formula 1 Hub,Racing Point RP20 Invitational Series,Formula 1,BWT Racing Point F1 Team RP20
Motorsports,Formula 1 Hub,Renault R.S. 20 Invitational Series,Formula 1,Renault DP World F1 Team R.S. 20
Motorsports,Formula 1 Hub,AlphaTauri AT01 Invitational Series,Formula 1,Scuderia AlphaTauri Honda AT01
Motorsports,Formula 1 Hub,Haas VF-20 Invitational Series,Formula 1,Haas F1 Team VF-20
Motorsports,Formula 1 Hub,Alfa Romeo Racing C39 Invitational Series,Formula 1,Alfa Romeo Racing Orlen C39
Motorsports,Formula 1 Hub,Williams FW43 Invitational Series,Formula 1,Williams Racing FW43
Motorsports,Formula 1 Hub,MP4/4 World Tour,McLaren,MP4/4
Motorsports,Formula 1 Hub,2019 Champion Series,Formula 1,Renault F1 Team R.S. 19
Motorsports,Formula 1 Hub,2019 Champion Series,Formula 1,Red Bull Racing RB15
Motorsports,Formula 1 Hub,2019 Champion Series,Formula 1,Toro Rosso STR14
Motorsports,Formula 1 Hub,2019 Champion Series,Formula 1,Scuderia Ferrari SF90
Motorsports,Formula 1 Hub,2019 Champion Series,Formula 1,Mercedes-AMG Petronas Motorsport F1 W10 EQ Power+
Motorsports,Formula 1 Hub,2019 Champion Series,Formula 1,Haas F1 Team VF-19
Motorsports,Formula 1 Hub,2019 Champion Series,Formula 1,Alfa Romeo Racing C38
Motorsports,Formula 1 Hub,2019 Champion Series,Formula 1,McLaren F1 Team MCL34
Motorsports,Formula 1 Hub,2019 Champion Series,Formula 1,SPScore Racing Point F1 Team RP19
Motorsports,Formula 1 Hub,2019 Champion Series,Formula 1,Rokit Williams Racing FW42
Motorsports,Formula 1 Hub,Mercedes-AMG Petronas Motorsport F1 W10 EQ Power+ Invitational Series,Formula 1,Mercedes-AMG Petronas Motorsport F1 W10 EQ Power+
Motorsports,Formula 1 Hub,Red Bull Racing RB15 Invitational Series,Formula 1,Red Bull Racing RB15
Motorsports,Formula 1 Hub,Scuderia Ferrari SF90 Invitational Series,Formula 1,Scuderia Ferrari SF90
Motorsports,Formula 1 Hub,McLaren F1 Team MCL34 Invitational Series,Formula 1,McLaren F1 Team MCL34
Motorsports,Formula 1 Hub,Renault F1 Team R.S. 19 Invitational Series,Formula 1,Renault F1 Team R.S. 19
Motorsports,Formula 1 Hub,Toro Rosso STR14 Invitational Series,Formula 1,Toro Rosso STR14
Motorsports,Formula 1 Hub,Alfa Romeo Racing C38 Invitational Series,Formula 1,Alfa Romeo Racing C38
Motorsports,Formula 1 Hub,Rokit Williams Racing FW42,Formula 1,Rokit Williams Racing FW42
Motorsports,Formula 1 Hub,SPScore Racing Point F1 Team RP19,Formula 1,SPScore Racing Point F1 Team RP19
Motorsports,Formula 1 Hub,Haas F1 Team VF-19 Invitational Series,Formula 1,Haas F1 Team VF-19
Motorsports,Formula 1 Hub,Safety Car Showdown,Formula 1,Mercedes-AMG GT R F1 Safety Car
Motorsports,Formula E,Formula E 2022-23 Exhibition,Formula E,Gen3 Show Car
Motorsports,Formula E,Formula E 2020-21 Exhibition,Formula E,SRT05E (Season 7)
Motorsports,Formula E,Formula E 2019-20 Exhibition,Formula E,SRT05E (Season 6)
Motorsports,Formula E,Season 9 (2022-23),Formula E,Gen3 Championship Car
Motorsports,Formula E,Season 8 (2021-22),Formula E,Avalanche Andretti Formula E BMW IFE.21
Motorsports,Formula E,Season 8 (2021-22),Formula E,Dragon/Penske Autosport Penske EV-5 (Season 8)
Motorsports,Formula E,Season 8 (2021-22),Formula E,DS Techeetah E-Tense FE21
Motorsports,Formula E,Season 8 (2021-22),Formula E,Envision Racing Audi E-Tron FE07
Motorsports,Formula E,Season 8 (2021-22),Formula E,Jaguar TCS Racing Jaguar I-Type 5
Motorsports,Formula E,Season 8 (2021-22),Formula E,Mahindra Racing Mahindra M8Electro
Motorsports,Formula E,Season 8 (2021-22),Formula E,Mercedes-EQ Formula E Team Mercedes-EQ Silver Arrow 02 (Season 8)
Motorsports,Formula E,Season 8 (2021-22),Formula E,NIO 333 Formula E Team NIO 333 001
Motorsports,Formula E,Season 8 (2021-22),Formula E,Nissan E.Dams Nissan IM03
Motorsports,Formula E,Season 8 (2021-22),Formula E,Rokit Venturi Racing Mercedes-EQ Silver Arrow 02 (Season 8)
Motorsports,Formula E,Season 8 (2021-22),Formula E,Tag Heuer Porsche formula E Team 99X Electric
Motorsports,Formula E,Season 7 (2020-21),Formula E,Envision Virgin Racing Audi E-Tron FE07
Motorsports,Formula E,Season 7 (2020-21),Formula E,NIO 333 FE Team NIO 333 001
Motorsports,Formula E,Season 7 (2020-21),Formula E,Mercedes-EQ Formula E Team Mercedes-EQ Silver Arrow 02
Motorsports,Formula E,Season 7 (2020-21),Formula E,Dragon/Penske Autosport Penske EV-5
Motorsports,Formula E,Season 7 (2020-21),Formula E,Audi Sport ABT Schaeffler Formula E Team Audi E-Tron FE07
Motorsports,Formula E,Season 7 (2020-21),Formula E,DS Techeetah DS E-Tense FE21
Motorsports,Formula E,Season 7 (2020-21),Formula E,Tag Heuer Porsche Formula E Team Porsche 99X Electric (Season 7)
Motorsports,Formula E,Season 7 (2020-21),Formula E,Rokit Venturi Racing Mercedes-EQ Silver Arrow 02
Motorsports,Formula E,Season 7 (2020-21),Formula E,Jaguar Racing Jaguar I-Type 5
Motorsports,Formula E,Season 7 (2020-21),Formula E,Nissan E.Dams Nissan IM02 (Season 7)
Motorsports,Formula E,Season 7 (2020-21),Formula E,BMW I Andretti Motorsport BMW IFE.21
Motorsports,Formula E,Season 7 (2020-21),Formula E,Mahindra Racing Mahindra M7Electro
Motorsports,Formula E,Season 6 (2019-20),Formula E,Envision Virgin Racing Audi E-Tron FE06
Motorsports,Formula E,Season 6 (2019-20),Formula E,NIO 333 FE Team NIO FE-006
Motorsports,Formula E,Season 6 (2019-20),Formula E,Mercedes-Benz EQ Formula E Team Mercedes-Benz EQ Silver Arrow 01
Motorsports,Formula E,Season 6 (2019-20),Formula E,Geox Dragon Penske EV-4
Motorsports,Formula E,Season 6 (2019-20),Formula E,Audi Sport ABT Schaeffler Formula E Team Audi E-Tron FE06
Motorsports,Formula E,Season 6 (2019-20),Formula E,DS Techeetah DS E-Tense FE20
Motorsports,Formula E,Season 6 (2019-20),Formula E,Tag Heuer Porsche Formula E Team Porsche 99X Electric
Motorsports,Formula E,Season 6 (2019-20),Formula E,Rokit Venturi Racing Mercedes-Benz EQ Silver Arrow 01
Motorsports,Formula E,Season 6 (2019-20),Formula E,Panasonic Jaguar Racing Jaguar I-Type 4
Motorsports,Formula E,Season 6 (2019-20),Formula E,Nissan E.Dams Nissan IM02
Motorsports,Formula E,Season 6 (2019-20),Formula E,BMW I Andretti Motorsport BMW IFE.20
Motorsports,Formula E,Season 6 (2019-20),Formula E,Mahindra Racing Mahindra M6Electro
Motorsports,Formula E,Season 5 (2018-19),Formula E,SRT05E (Season 5)
Motorsports,Formula E,Season 4 (2017-18),Formula E,SRT_01E (Season 4)
Motorsports,Formula E,Season 3 (2016-17),Formula E,SRT_01E (Season 3) (ABT Schaeffler FE02)
Motorsports,Formula E,Season 3 (2016-17),Formula E,SRT_01E (Season 3) (NextEV TCR Formula 002)
Motorsports,Formula E,Season 3 (2016-17),Formula E,SRT_01E (Season 3) (Renault Z.E. 16)
Motorsports,NASCAR,NASCAR Exhibition,Chevrolet,Camaro ZL1 (2019)
Motorsports,NASCAR,NASCAR Exhibition,Ford,Mustang (2019)
Motorsports,NASCAR,NASCAR Exhibition,Toyota,Camry (2019)
Motorsports,NASCAR,2023 Season (NASCAR),Chevrolet,Camaro ZL1 (2023)
Motorsports,NASCAR,2023 Season (NASCAR),Ford,Mustang GT (2023)
Motorsports,NASCAR,2023 Season (NASCAR),Toyota,Camry TRD (2023)
Motorsports,NASCAR,2022 Season (NASCAR),Chevrolet,Camaro ZL1 (2022)
Motorsports,NASCAR,2022 Season (NASCAR),Ford,Mustang GT (2022)
Motorsports,NASCAR,2022 Season (NASCAR),Toyota,Camry TRD (2022)
Motorsports,NASCAR,2021 Season (NASCAR),Toyota,Camry (Joe Gibbs Racing - 2021)
Motorsports,NASCAR,2021 Season (NASCAR),Toyota,Camry (23XI Racing - 2021)
Motorsports,NASCAR,2021 Season (NASCAR),Ford,Mustang (Stewart-Haas Racing - 2021)
Motorsports,NASCAR,2021 Season (NASCAR),Ford,Mustang (Team Penske - 2021)
Motorsports,NASCAR,2021 Season (NASCAR),Chevrolet,Camaro ZL1 1LE (Hendrick Motorsports - 2021)
Motorsports,NASCAR,2021 Season (NASCAR),Chevrolet,Camaro ZL1 1LE (Chip Ganassi Racing - 2021)
Motorsports,NASCAR,2021 Season (NASCAR),Chevrolet,Camaro ZL1 1LE (Richard Childress Racing - 2021)
Motorsports,NASCAR,2021 Season (NASCAR),Chevrolet,Camaro ZL1 1LE (Richard Petty Motorsports - 2021)
Motorsports,NASCAR,2020 Season (NASCAR),Toyota,Camry (Joe Gibbs Racing - 2020)
Motorsports,NASCAR,2020 Season (NASCAR),Ford,Mustang (Stewart-Haas Racing - 2020)
Motorsports,NASCAR,2020 Season (NASCAR),Ford,Mustang (Team Penske - 2020)
Motorsports,NASCAR,2020 Season (NASCAR),Chevrolet,Camaro ZL1 1LE (Hendrick Motorsports - 2020)
Motorsports,NASCAR,2020 Season (NASCAR),Chevrolet,Camaro ZL1 1LE (Chip Ganassi - 2020)
Motorsports,NASCAR,2020 Season (NASCAR),Chevrolet,Camaro ZL1 1LE (Richard Childress Racing - 2020)
Motorsports,NASCAR,2020 Season (NASCAR),Chevrolet,Camaro ZL1 1LE (Richard Petty Motorsports - 2020)
Motorsports,NASCAR,2019 Season (NASCAR),Chevrolet,Camaro ZL1 (2019)
Motorsports,NASCAR,2019 Season (NASCAR),Ford,Mustang (2019)
Motorsports,NASCAR,2019 Season (NASCAR),Toyota,Camry (2019)
Motorsports,NASCAR,2018 Season (NASCAR),Chevrolet,Camaro ZL1 (2018)
Motorsports,NASCAR,2018 Season (NASCAR),Ford,Fusion (2018)
Motorsports,NASCAR,2018 Season (NASCAR),Toyota,Camry (2018)
Motorsports,NASCAR,2017 Season (NASCAR),Chevrolet,SS (Hendrick Motorsports - 2017)
Motorsports,NASCAR,2017 Season (NASCAR),Ford,Fusion (Stewart-Haas Racing)
Motorsports,NASCAR,2017 Season (NASCAR),Toyota,Camry (Joe Gibbs Racing - 2017)
Motorsports,NASCAR,2016 Season (NASCAR),Chevrolet,SS (Stewart-Haas Racing - 2016)
Motorsports,NASCAR,2016 Season (NASCAR),Chevrolet,SS (Hendrick Motorsports - 2016)
Motorsports,NASCAR,2016 Season (NASCAR),Ford,Fusion (Team Penske - 2016)
Motorsports,NASCAR,2016 Season (NASCAR),Ford,Fusion (Richard Petty Motorsports)
Motorsports,NASCAR,2016 Season (NASCAR),Toyota,Camry (Joe Gibbs Racing - 2016)
Motorsports,NASCAR,2015 Season (NASCAR),Chevrolet,SS (Stewart-Haas Racing - 2015)
Motorsports,NASCAR,2015 Season (NASCAR),Chevrolet,SS (Hendrick Motorsports - 2015)
Motorsports,NASCAR,2015 Season (NASCAR),Ford,Fusion (Team Penske - 2015)
Motorsports,NASCAR,2015 Season (NASCAR),Toyota,Camry (Joe Gibbs Racing - 2015)
Motorsports,NASCAR,Quanticfire Talent Tour,Chevrolet,SS (NASCAR Academy)
Motorsports,NASCAR,Quanticfire Talent Tour,Ford,Fusion (NASCAR Academy)
Motorsports,NASCAR,Quanticfire Talent Tour,Toyota,Camry (Sunoco)
Motorsports,WRC,WRC Challenge,Toyota,GR Yaris Rally1 Hybrid
Motorsports,WRC,WRC Challenge,Ford,Puma Rally1 Hybrid
Motorsports,WRC,WRC Challenge,Hyundai,i20 N Rally1 Hybrid
Motorsports,WRC,Rally Ahead!,Toyota,GR Yaris Rally1 Hybrid
Motorsports,WRC,Rally Ahead!,Ford,Puma Rally1 Hybrid
Motorsports,WRC,Rally Ahead!,Hyundai,i20 N Rally1 Hybrid
Motorsports,Supercars,Supercars Exhibition,Holden,Commodore ZB (2018)
Motorsports,Suerpcars,Supercars Exhibition,Ford,Falcon FG X (2018)
Motorsports,Supercars,Supercars Exhibition,Nissan,Altima (2018)
Motorsports,Supercars,2018 Season (Supercars),Holden,Commodore ZB (2018)
Motorsports,Supercars,2018 Season (Supercars),Ford,Falcon FG X (2018)
Motorsports,Supercars,2018 Season (Supercars),Nissan,Altima (2018)
Motorsports,Supercars,2017 Season (Supercars),Holden,Commodore VF (2017)
Motorsports,Supercars,2017 Season (Supercars),Ford,Falcon FG X (2017)
Motorsports,Supercars,2017 Season (Supercars),Nissan,Altima (2017)
Motorsports,Supercars,2016 Season (Supercars),Holden,Commodore VF (2016)
Motorsports,Supercars,2016 Season (Supercars),Ford,Falcon FG X (2016)
Motorsports,Supercars,2016 Season (Supercars),Nissan,Altima (2016)
Motorsports,GT4,GT4 Exhibition,Porsche,718 Cayman GT4 Clubsport
Motorsports,GT4,2019 Season (GT4),Porsche,718 Cayman GT4 Clubsport
Motorsports,GT4,2019 Season (GT4),Aston Martin,Vantage GT4
Motorsports,GT4,2019 Season (GT4),Chevrolet,Camaro GT4.R
Motorsports,GT4,2019 Season (GT4),Mercedes-AMG,GT4
Motorsports,GT4,2019 Season (GT4),Audi,R8 LMS GT4
Motorsports,GT4,2019 Season (GT4),BMW,M4 GT4
Motorsports,GT4,GT4 Showdown,Mercedes-AMG,GT4
Motorsports,GT4,GT4 Showdown,Audi,R8 LMS GT4
Motorsports,GT4,GT4 Showdown,Nissan,Z GT4
Motorsports,GT4,Race for Glory,BMW,M4 GT4
Motorsports,GT4,Race for Glory,Nissan,Z GT4
Motorsports,GT4,Race for Glory,McLaren,Artura GT4
Motorsports,GT4,Performance GT Racing,BMW,M4 GT4
Motorsports,GT4,Performance GT Racing,Nissan,Z GT4
Motorsports,GT4,Performance GT Racing,Lotus,Emira GT4
Motorsports,Euro Track Masters,Euro Track Masters Exhibition,BMW,Driving Experience M4 Racing
Motorsports,Euro Track Masters,Euro Track Masters Exhibition,Mercedes-AMG,C 63 Touring Car
Motorsports,Euro Track Masters,Legacy of Performance,Audi,A5 Touring 2012
Motorsports,Euro Track Masters,2016-17 Season (Euro Track Masters),BMW,Driving Experience M4 Racing
Motorsports,Euro Track Masters,2016-17 Season (Euro Track Masters),Mercedes-AMG,C 63 Touring Car
Motorsports,GT3,GT3 Exhibition,Porsche,911 GT3 R
Motorsports,GT3,2022 Season (GT3),BMW,M4 GT3
Motorsports,GT3,2020 Season (GT3),Porsche,911 GT3 R
Motorsports,GT3,2020 Season (GT3),McLaren,720S GT3
Motorsports,GT3,2020 Season (GT3),Bentley,Continental GT3
Motorsports,IMSA GTD,IMSA GTD Exhibition,Acura,NSX GT3
Motorsports,IMSA GTD,2018 Season (IMSA GTD),Acura,NSX GT3
Motorsports,IMSA GTD,2018 Season (IMSA GTD),BMW,M6 GT3
Motorsports,IMSA GTD,2018 Season (IMSA GTD),Lamborghini,Huracan GT3
Motorsports,IMSA GTD,2018 Season (IMSA GTD),Ferrari,488 GT3
Motorsports,IMSA DPi,IMSA DPi Exhibition,Cadillac,DPI-V.R
Motorsports,IMSA DPi,2018 Season (IMSA DPi),Acura,ARX-05
Motorsports,IMSA DPi,2018 Season (IMSA DPi),Cadillac,DPI-V.R
Motorsports,IMSA DPi,2018 Season (IMSA DPi),Mazda,RT24-P
Motorsports,Endurance GT Racing,The Porsche Mission R Cup,Porsche,Mission R
Motorsports,Endurance GT Racing,The Radical SR10 Cup,Radical,SR10 XXR
Motorsports,Endurance GT Racing,GT Racing Exhibition,Porsche,911 GT1-98
Motorsports,Endurance GT Racing,2021 Season (Endurance GT Racing),Porsche,911 RSR (2021)
Motorsports,Endurance GT Racing,2020 Season (Endurance GT Racing),Porsche,911 RSR (2020)
Motorsports,Endurance GT Racing,2020 Season (Endurance GT Racing),Aston Martin,Vantage GTE (2019)
Motorsports,Endurance GT Racing,2020 Season (Endurance GT Racing),Chevrolet,Corvette C8.R
Motorsports,Endurance GT Racing,2019 Season (Endurance GT Racing),Porsche,911 RSR (2019)
Motorsports,Endurance GT Racing,2019 Season (Endurance GT Racing),Ford,GT Le Mans (2019)
Motorsports,Endurance GT Racing,2019 Season (Endurance GT Racing),Aston Martin,Vantage GTE (2018)
Motorsports,Endurance GT Racing,2019 Season (Endurance GT Racing),Ferrari,488 GTE Evo (AF Corse)
Motorsports,Endurance GT Racing,2018 Season (Endurance GT Racing),Porsche,911 RSR (2018)
Motorsports,Endurance GT Racing,2018 Season (Endurance GT Racing),BMW,M8 GTE
Motorsports,Endurance GT Racing,2017 Season (Endurance GT Racing),Aston Martin,Vantage GTE (2017)
Motorsports,Endurance GT Racing,2017 Season (Endurance GT Racing),Porsche,911 RSR (2017)
Motorsports,Endurance GT Racing,2016 Season (Endurance GT Racing),Chevrolet,Corvette C7.R
Motorsports,Endurance GT Racing,2016 Season (Endurance GT Racing),Ferrari,488 GTE (2016)
Motorsports,Endurance GT Racing,2016 Season (Endurance GT Racing),Ford,GT Le Mans (2016)
Motorsports,Endurance GT Racing,2016 Season (Endurance GT Racing),Porsche,911 RSR (2016)
Motorsports,Endurance GT Racing,2012-15 Season (Endurance GT Racing),Aston Martin,Vantage GTE (2012)
Motorsports,Endurance GT Racing,2012-15 Season (Endurance GT Racing),Porsche,911 RSR (2013)
Motorsports,Endurance GT Racing,2012-15 Season (Endurance GT Racing),Porsche,911 RSR (2014)
Motorsports,Endurance GT Racing,2012-15 Season (Endurance GT Racing),Porsche,911 RSR (2015)
Motorsports,Endurance GT Racing,GT2 2009 Season (Endurance GT Racing),Aston Martin,V8 Vantage GT2
Motorsports,Endurance GT Racing,GT2 2009 Season (Endurance GT Racing),Porsche,911 GT3 RSR (997)
Motorsports,Endurance GT Racing,1998 Season (Endurance GT Racing),McLaren,F1 GTR
Motorsports,Endurance GT Racing,1998 Season (Endurance GT Racing),Nissan,R390 GT1
Motorsports,Endurance GT Racing,1998 Season (Endurance GT Racing),Mercedes-Benz,CLK-LM
Motorsports,Endurance GT Racing,1998 Season (Endurance GT Racing),Porsche,911 GT1-98
Motorsports,Endurance GT Racing,1989 Season (Endurance GT Racing),Ferrari,F40 LM
Motorsports,Endurance GT Racing,1962 Season (Endurance GT Racing),Ferrari,250 GTO
Motorsports,Endurance GT Racing,1962 Season (Endurance GT Racing),Chevrolet,Corvette Grand Sport
Motorsports,Endurance GT Racing,1960s Endurance Racing (Endurance GT Racing),Chevrolet,Corvette Grand Sport
Motorsports,Endurance GT Racing,1960s Endurance Racing (Endurance GT Racing),Chevrolet,Camaro Z/28 (Racing)
Motorsports,Endurance GT Racing,1960s Endurance Racing (Endurance GT Racing),Ferrari,250 GTO
Motorsports,Endurance Prototypes,LMDh 2023 Season,Porsche,963 LMDh
Motorsports,Endurance Prototypes,LMDh 2023 Season,BMW,M Hybrid V8
Motorsports,Endurance Prototypes,LMDh 2023 Season,Acura,ARX-06
Motorsports,Endurance Prototypes,2023 LMDh Champions Series,Ferrari,499P
Motorsports,Endurance Prototypes,Battle for Le Mans,Oreca,07 LMP2
Motorsports,Endurance Prototypes,Battle for Le Mans,BMW,M Hybrid V8
Motorsports,Endurance Prototypes,Battle for Le Mans,Acura,ARX-06
Motorsports,Endurance Prototypes,Battle for Le Mans,Porsche,963 LMDh
Motorsports,Endurance Prototypes,Battle for Le Mans,Ferrari,499P
Motorsports,Endurance Prototypes,LMP2 2023 Season,Oreca,07 LMP2
Motorsports,Endurance Prototypes,Track Beast Duqueine,Duqueine,D08 LMP3
Motorsports,Endurance Prototypes,The Ultimate Competitor,Ligier,JS P320
Motorsports,Endurance Prototypes,Beginning of A New Chapter,Peugeot,9X8 Hypercar
Motorsports,Endurance Prototypes,Prototypes Exhibition,Mazda,787B
Motorsports,Endurance Prototypes,Prototypes 2015 Season,Nissan,GT-R LM Nismo (2015)
Motorsports,Endurance Prototypes,Prototypes 2015 Season,Audi,R18 E-Tron Quattro (2015)
Motorsports,Endurance Prototypes,Prototypes 2015 Season,Porsche,919 Hybrid (2015)
Motorsports,Endurance Prototypes,Prototypes 2014 Season,Audi,R18 E-Tron Quattro (2014)
Motorsports,Endurance Prototypes,Prototypes 2014 Season,Porsche,919 Hybrid (2014)
Motorsports,Endurance Prototypes,Prototypes 2014 Season,Toyota,TS040 Hybrid (2014)
Motorsports,Endurance Prototypes,LMP1 2009 Season,Audi,R15 TDI
Motorsports,Endurance Prototypes,LMP1 2009 Season,Aston Martin,DBR1-2
Motorsports,Endurance Prototypes,LMP2 2009 Season,Porsche,RS Spyder Evo
Motorsports,Endurance Prototypes,Group C 1991 Season,Mercedes-Benz,C11
Motorsports,Endurance Prototypes,Group C 1991 Season,Mazda,787B
Motorsports,Endurance Prototypes,Group C 1988 Season,Porsche,962C
Motorsports,Endurance Prototypes,Group C 1988 Season,Jaguar,XJR-9
Motorsports,Endurance Prototypes,Group C 1984 Season,Lancia,LC2
Motorsports,Endurance Prototypes,Group 5 1979 Season,Porsche,935 (1979)
Motorsports,Endurance Prototypes,Group 6 1977 Season,Porsche,936/77 Spyder
Motorsports,Endurance Prototypes,Group 5 1970 Season,Porsche,917K
Road Collection,Season 5,Hyper Drive,McLaren,Solus GT
Road Collection,Season 5,Future Fast,Audi,S1 E-Tron Quattro
Road Collection,Season 5,Radical Revolution,Radical,RXC
Road Collection,Season 4,The AMR Pro Experience,Aston Martin,Vulcan AMR Pro
Road Collection,Season 4,Eternal Koenigsegg,Koenigsegg,CC850
Road Collection,Season 4,The Stradale eXXperience,Lamborghini,Sesto Elemento
Road Collection,Season 4,The Stradale eXXperience,Porsche,911 Turbo S
Road Collection,Season 4,The Stradale eXXperience,Ferrari,SF90 XX Stradale
Road Collection,Season 4,Hybrid-Beasts of Speed,Lamborghini,Sian FKP 37
Road Collection,Season 4,Hybrid-Beasts of Speed,Porsche,918 Spyder Weissach Package
Road Collection,Season 4,Hybrid-Beasts of Speed,McLaren,Speedtail (2020)
Road Collection,Season 4,Bugatti Blitz,Bugatti,EB 110 Super Sport
Road Collection,Season 4,Bugatti Blitz,Bugatti,Divo
Road Collection,Season 4,Bugatti Blitz,Bugatti,Centodieci
Road Collection,Season 4,Decades of Focus,Ford,Focus RS
Road Collection,Season 4,Decades of Focus,Ford,Focus ST
Road Collection,Season 4,Valour Reborn,Aston Martin,Vantage 59
Road Collection,Season 4,Valour Reborn,Aston Martin,V12 Speedster
Road Collection,Season 4,Valour Reborn,Aston Martin,Valour
Road Collection,Season 4,Taycan Collection,Porsche,Taycan Turbo S
Road Collection,Season 4,Taycan Collection,Porsche,Taycan Turbo GT
Road Collection,Season 4,Supercar Showdown,McLaren,Artura
Road Collection,Season 4,Supercar Showdown,Lamborghini,Countach LPI 800-4
Road Collection,Season 4,Supercar Showdown,Zenvo,Aurora Tur
Road Collection,Season 4,Battle of the EVOs,Mercedes-Benz,190E 2.5-16 Evolution II
Road Collection,Season 4,Battle of the EVOs,Mitsubishi Motors,Lancer Evolution X
Road Collection,Season 4,Electrifying Hypercars,Porsche,918 Spyder Weissach Package
Road Collection,Season 4,Electrifying Hypercars,Lotus,Evija
Road Collection,Season 4,Electrifying Hypercars,Lotus,Evija X
Road Collection,Season 4,Type-R Showdown,Honda,NSX-R
Road Collection,Season 4,Type-R Showdown,Honda,Civic Type-R (2023)
Road Collection,Season 4,Pure Performance,Porsche,918 Spyder Weissach Package
Road Collection,Season 4,Pure Performance,Aston Martin,Vulcan AMR Pro
Road Collection,Season 4,Pure Performance,Automobili Pininfarina,Battista Edizione Nino Farina
Road Collection,Season 4,Furiosa Fever,Porsche,911 Turbo S
Road Collection,Season 4,Furiosa Fever,Automobili Pininfarina,Battista with Furiosa
Road Collection,Season 3,Future Forward,McLaren,Artura
Road Collection,Season 3,Acura Ascension,Acura,NSX Type S
Road Collection,Season 3,Let's Go Jesko!,Koenigsegg,Jesko
Road Collection,Season 3,Let's Go Jesko!,Koenigsegg,Jesko Absolut
Road Collection,Season 3,Rarest of the Rare,McLaren,12C Spider
Road Collection,Season 3,Rarest of the Rare,Aston Martin,One-77
Road Collection,Season 3,Rarest of the Rare,Pagani,Utopia
Road Collection,Season 3,Sporty Elegance,BMW,Z4 M40i
Road Collection,Season 3,Lightning Fast!,Rimac,Nevera
Road Collection,Season 3,Ready to Race!,KTM,X-Box GT-XR
Road Collection,Season 3,Speed Titans,Bugatti,Divo
Road Collection,Season 3,Speed Titans,Koenigsegg,Jesko
Road Collection,Season 3,Speed Titans,Koenigsegg,Gemera
Road Collection,Season 3,Roar Ahead!,Ford,Mustang Dark Horse
Road Collection,Season 2,90's Japanese Icons,Honda,Civic Type-R (2000)
Road Collection,Season 2,90's Japanese Icons,Honda,Integra Type-R
Road Collection,Season 2,90's Japanese Icons,Mitsubishi Motors,Lancer Evolution VI
Road Collection,Season 2,90's Japanese Icons,Subaru,Impreza 22B-STI Version
Road Collection,Season 2,Generation Z,Nissan,370Z (Z34)
Road Collection,Season 2,Generation Z,Nissan,300ZX (Z32)
Road Collection,Season 2,Generation Z,Nissan,Z
Road Collection,Season 2,Hybrid Horizon,McLaren,765LT
Road Collection,Season 2,Hybrid Horizon,Lamborghini,Sian FKP 37
Road Collection,Season 2,Hybrid Horizon,Ferrari,SF90 Stradale
Road Collection,Season 2,Italian Menagerie,Alfa Romeo,4C
Road Collection,Season 2,Italian Menagerie,Ferrari,458 Italia
Road Collection,Season 2,Italian Menagerie,Lamborghini,Reventon
Road Collection,Season 2,Trial of Tributes,Ferrari,J50
Road Collection,Season 2,Trial of Tributes,Ferrari,F8 Tributo
Road Collection,Season 2,Trial of Tributes,Ferrari,Daytona SP3
Road Collection,Season 2,Miata Mastery,Mazda,MX-5 (NA)
Road Collection,Season 2,Settle It on the Straße,Mercedes-Benz,AMG CLK GTR Straßenversion
Road Collection,Season 2,Settle It on the Straße,Porsche,911 GT1 Straßenversion
Road Collection,Season 2,International Street Clash,Ford,Focus RS
Road Collection,Season 2,International Street Clash,Renault,Clio Cup
Road Collection,Season 2,International Street Clash,Mazda,MX-5 (ND)
Road Collection,Season 2,Japanese Track Stars,Mazda,RX-7 Spirit R (FD)
Road Collection,Season 2,Japanese Track Stars,Honda,NSX-R
Road Collection,Season 2,Japanese Track Stars,Nissan,Nismo GT-R LM (BCNR33)
Road Collection,Season 2,Open Sky Challenge III,Porsche,Boxster GTS
Road Collection,Season 2,Open Sky Challenge III,Ferrari,458 Spider
Road Collection,Season 2,Open Sky Challenge III,Aston Martin,V12 Speedster
Road Collection,Season 2,Pagani Parade,Pagani,Zonda R
Road Collection,Season 2,Pagani Parade,Pagani,Huayra BC
Road Collection,Season 2,Pagani Parade,Pagani,Huayra R
Road Collection,Season 2,Astonishing Martins,Aston Martin,DB9
Road Collection,Season 2,Astonishing Martins,Aston Martin,Vanquish
Road Collection,Season 2,Astonishing Martins,Aston Martin,V12 Vantage (2022)
Road Collection,Season 2,The Golden Ratios,Bugatti,EB 110 Super Sport
Road Collection,Season 2,The Golden Ratios,Jaguar,XJ220
Road Collection,Season 2,The Golden Ratios,Ferrari,Enzo Ferrari
Road Collection,Season 2,The Golden Ratios,Ferrari,Monza SP1
Road Collection,Season 2,M Dash,BMW,M3 Coupe
Road Collection,Season 2,M Dash,BMW,M4
Road Collection,Season 2,M Dash,BMW,M3 GTR Street
Road Collection,Season 2,Power Struggle,Porsche,918 Spyder Concept
Road Collection,Season 2,Power Struggle,Acura,NSX (2017)
Road Collection,Season 2,Power Struggle,Ferrari,296 GTB
Road Collection,Season 2,Style from the Isles,McLaren,12C Spider
Road Collection,Season 2,Style from the Isles,Jaguar,F-Type SVR
Road Collection,Season 2,Style from the Isles,Lotus,Emira
Road Collection,Season 2,Old Soul,Morgan,Plus Six
Road Collection,Season 1,Deutsch Duell II,Mercedes-AMG,A 45
Road Collection,Season 1,Deutsch Duell II,Audi,RS 5 Coupe
Road Collection,Season 1,Deutsch Duell II,BMW,M2 Competition
Road Collection,Season 1,The Bulls of Bologna,Lamborghini,Aventador SVJ
Road Collection,Season 1,The Bulls of Bologna,Lamborghini,Huracan Performante
Road Collection,Season 1,The Bulls of Bologna,Lamborghini,Sian FKP 37
Road Collection,Season 1,Stuttgart vs. Munich,Mercedes-Benz,190E 2.5-16 Evolution II
Road Collection,Season 1,Stuttgart vs. Munich,BMW,M3 (E30)
Road Collection,Season 1,Beautiful Beasts,McLaren,765LT
Road Collection,Season 1,Beautiful Beasts,Lamborghini,Centenario LP 770-4
Road Collection,Season 1,Beautiful Beasts,Porsche,911 Turbo S
Road Collection,Season 1,History in Motion,Porsche,935 (2019)
Road Collection,Season 1,History in Motion,Bugatti,La Voiture Noire
Road Collection,Season 1,History in Motion,Lamborghini,Veneno
Road Collection,Season 1,All-British Battle,McLaren,765LT
Road Collection,Season 1,All-British Battle,Jaguar,C-X75
Road Collection,Season 1,All-British Battle,Bentley,Continental GT Speed (2021)
Road Collection,Season 1,Hot Hatch Power Match 3,Honda,Civic Type-R (2000)
Road Collection,Season 1,Hot Hatch Power Match 3,Renault,Clio Cup
Road Collection,Season 1,Hot Hatch Power Match 3,Volkswagen,Golf GTI (2021)
Road Collection,Season 1,Unrivaled,Bugatti,Bolide
Road Collection,Season 1,Shock Showdown,Renault,Dezir Concept
Road Collection,Season 1,Shock Showdown,Nissan,Leaf Nismo RC
Road Collection,Season 1,Hole in One,Volkswagen,Golf GTI (2021)
Road Collection,Season 1,Hole in One,Volkswagen,XL Sport
Road Collection,Season 1,Oncoming Storm,Lamborghini,Huracan Super Trofeo Evo
Road Collection,Season 1,Oncoming Storm,Lamborghini,Huracan STO
Road Collection,Season 1,Mythic Match,Lamborghini,Asterion LPI 910-4
Road Collection,Season 1,Mythic Match,Bugatti,Chiron Sport
Road Collection,Season 1,Mythic Match,Apollo,Intensa Emozione
Road Collection,Season 1,Porsche Paradise,Porsche,911 Turbo (2009)
Road Collection,Season 1,Porsche Paradise,Porsche,911 GT2 (2003)
Road Collection,Season 1,Porsche Paradise,Porsche,911 GT3 (2021)
Road Collection,Season 1,Ultimate M,BMW,M6 Coupe
Road Collection,Season 1,Ultimate M,BMW,M2 Competition
Road Collection,Season 1,Ultimate M,BMW,M4
Road Collection,Season 1,The Winner Takes It All,Koenigsegg,Agera R
Road Collection,Season 1,The Winner Takes It All,Koenigsegg,Agera RS
Road Collection,Season 1,The Winner Takes It All,Koenigsegg,Jesko
Road Collection,Season 1,Rapid Rivals,Dodge,Challenger SRT Hellcat
Road Collection,Season 1,Rapid Rivals,Chevrolet,Corvette Stingray Z51
Road Collection,Season 1,Rapid Rivals,Cadillac,CT5-V Blackwing
Road Collection,Season 1,American Classics II,Dodge,Viper SRT10 ACR-X
Road Collection,Season 1,American Classics II,Ford,Shelby GT500 (2020)
Road Collection,Season 1,American Classics II,Chevrolet,Corvette C7 ZR1
Road Collection,Season 1,Behemoth Blitz,BMW,M4
Road Collection,Season 1,Behemoth Blitz,Mercedes-AMG,C63S
Road Collection,Season 1,Modern Classics,Aston Martin,Vantage 59
Road Collection,Season 1,Modern Classics,Cadillac,CT5-V Blackwing
Road Collection,Season 1,Modern Classics,Porsche,718 Cayman GT4 RS
Road Collection,Season 1,Lamborghini Love Letter,Lamborghini,Huracan R3 Spec
Road Collection,Season 1,Lamborghini Love Letter,Lamborghini,Huracan STO
Road Collection,Season 1,Lamborghini Love Letter,Lamborghini,Countach LPI 800-4
Road Collection,Season 1,Track-Ready Titans,Nissan,370Z Nismo (Z34)
Road Collection,Season 1,Track-Ready Titans,Volkswagen,XL Sport
Road Collection,Season 1,Track-Ready Titans,Audi,RS 3
Road Collection,Season 1,Apex Automobiles,Lotus,Evija
Road Collection,Season 1,Apex Automobiles,Apollo,Intensa Emozione
Road Collection,Season 1,Apex Automobiles,Aston Martin,Valhalla Concept
Road Collection,Season 1,Corvette Clash,Chevrolet,Corvette Stingray C8
Road Collection,Season 1,Corvette Clash,Chevrolet,Corvette C7 ZR1
Road Collection,Season 1,Corvette Clash,Chevrolet,Corvette C8 Z06
Road Collection,Season 1,Modern Muscle,Cadillac,CT5-V Blackwing
Road Collection,Season 1,Modern Muscle,Ford,Shelby GT500 (2020)
Road Collection,Season 1,Modern Muscle,Chevrolet,Camaro ZL1 1LE
Road Collection,Season 1,Auto Icons,Mazda,RX-3
Road Collection,Season 1,Auto Icons,Nissan,240Z (S30)
Road Collection,Season 1,Auto Icons,Audi,Quattro B2
Road Collection,Season 1,Deutsch Duell III,BMW,M5
Road Collection,Season 1,Deutsch Duell III,Porsche,911 GT3 RS (2018)
Road Collection,Season 1,Deutsch Duell III,Mercedes-AMG,GT Black Series
Road Collection,Season 1,Great Eights,Ferrari,F8 Tributo
Road Collection,Season 1,Great Eights,Chevrolet,Corvette C8 Z06
Road Collection,Season 1,Great Eights,Audi,R8 (2021)
Road Collection,Season 1,Indomitable,Brabham,BT62
Road Collection,Season 1,Indomitable,Bentley,Continental GT Speed (2021)
Road Collection,Season 1,Indomitable,Porsche,911 GT2 RS Clubsport 25
Road Collection,Amateur,Pure Stock Challenge,Nissan,Silvia (S15)
Road Collection,Amateur,Pure Stock Challenge,Ford,Focus RS
Road Collection,Amateur,Pure Stock Challenge,Dodge,Challenger R/T
Road Collection,Amateur,Pure Stock Challenge,BMW,1 Series M Coupe
Road Collection,Amateur,Road Car International,Hyundai,Veloster Turbo
Road Collection,Amateur,Road Car International,Nissan,Silvia (S15)
Road Collection,Amateur,Road Car International,Ford,Focus RS
Road Collection,Amateur,Road Car International,Lexus,IS 350 F Sport (2014)
Road Collection,Amateur,Road Car International,Nissan,350Z (Z33)
Road Collection,Amateur,Road Car International,BMW,Z4 M Coupe
Road Collection,Amateur,Racing School Advanced,BMW,Z4 SDrive35is
Road Collection,Amateur,Street-Spec Skirmish,Nissan,Skyline GT-R V-Spec (R34)
Road Collection,Amateur,Street-Spec Skirmish,Nissan,350Z (Z33)
Road Collection,Amateur,Street-Spec Skirmish,BMW,Z4 M Coupe
Road Collection,Amateur,Street-Spec Skirmish,BMW,Z4 SDrive35is
Road Collection,Amateur,6 Cyl Annihilation Series,Nissan,Skyline GT-R V-Spec (R34)
Road Collection,Amateur,6 Cyl Annihilation Series,Nissan,370Z (Z34)
Road Collection,Amateur,6 Cyl Annihilation Series,BMW,1 Series M Coupe
Road Collection,Amateur,6 Cyl Annihilation Series,BMW,Z4 SDrive35is
Road Collection,Amateur,Global Production Pursuit,Chevrolet,Cobalt SS
Road Collection,Amateur,Global Production Pursuit,Nissan,Skyline GT-R V-Spec (R34)
Road Collection,Amateur,Global Production Pursuit,Dodge,Challenger R/T
Road Collection,Amateur,Global Production Pursuit,BMW,Z4 M Coupe
Road Collection,Pro/Am,V8 Naturals,Dodge,Charger R/T
Road Collection,Pro/Am,V8 Naturals,Dodge,Charger SRT8
Road Collection,Pro/Am,V8 Naturals,Lexus,IS F (2013)
Road Collection,Pro/Am,V8 Naturals,Chevrolet,Stingray 427 (1969)
Road Collection,Pro/Am,V8 Naturals,Shelby,Cobra 427 (1966)
Road Collection,Pro/Am,AWD Attack,Hyundai,i20 WRC
Road Collection,Pro/Am,Road Flair,Nissan,Skyline GT-R V-Spec (R34)
Road Collection,Pro/Am,Road Flair,Mercedes-Benz,190E 2.5-16 Evolution II
Road Collection,Pro/Am,Performance Rumble,Dodge,Challenger SRT8
Road Collection,Pro/Am,Performance Rumble,Nissan,370Z (Z34)
Road Collection,Pro/Am,Performance Rumble,Ford,Shelby GT500
Road Collection,Pro/Am,Performance Rumble,Ford,Mustang GT Premium
Road Collection,Pro/Am,Performance Rumble,BMW,M3 GTS
Road Collection,Pro/Am,V8 Performance Brawl,Ford,Shelby GT500
Road Collection,Pro/Am,V8 Performance Brawl,Ford,GT (2005)
Road Collection,Pro/Am,V8 Performance Brawl,McLaren,MP4-12C
Road Collection,Pro/Am,V8 Performance Brawl,Ferrari,F40
Road Collection,Pro/Am,V8 Performance Brawl,Porsche,918 Spyder Concept
Road Collection,Pro/Am,V8 Muscle Hustle,Dodge,Challenger R/T
Road Collection,Pro/Am,V8 Muscle Rustle,Dodge,Challenger SRT8
Road Collection,Pro/Am,V8 Muscle Hustle,Chevrolet,Camaro ZL1 (2013)
Road Collection,Pro/Am,V8 Muscle Hustle,Ford,Shelby GT500
Road Collection,Pro/Am,V8 Muscle Hustle,Ford,Mustang GT Premium
Road Collection,Pro/Am,Everyday Heroes,Audi,TT RS Coupe (2012)
Road Collection,Pro/Am,Everyday Heroes,BMW,M3 Coupe
Road Collection,Pro/Am,Everyday Heroes,BMW,M6 Coupe
Road Collection,Pro/Am,Everyday Heroes,Porsche,911 GT3 RS
Road Collection,Pro/Am,Prime Production Match-up,Nissan,350Z (Z33)
Road Collection,Pro/Am,Prime Production Match-up,Audi,TT RS Coupe (2012)
Road Collection,Pro/Am,Prime Production Match-up,BMW,Z4 M Coupe
Road Collection,Pro/Am,Prime Production Match-up,BMW,M3 Coupe
Road Collection,Pro/Am,Coupe Clash,Audi,TT RS Coupe (2012)
Road Collection,Pro/Am,Coupe Clash,BMW,1 Series M Coupe
Road Collection,Pro/Am,Coupe Clash,Chevrolet,Camaro ZL1 (2013)
Road Collection,Pro/Am,Coupe Clash,Ford,Shelby GT500
Road Collection,Pro/Am,Classic Mazda Challenge,Mazda,RX-3
Road Collection,Pro/Am,Hot Hatch Power Match,Hyundai,Veloster Turbo
Road Collection,Pro/Am,Hot Hatch Power Match,Ford,Focus RS
Road Collection,Pro/Am,Hot Hatch Power Match,Renault,Clio Cup
Road Collection,Pro/Am,Hot Match Power Match,Renault,Megane R.S. 275 Trophy-R
Road Collection,Pro/Am,Classic Skyline Challenge,Nissan,Skyline 2000 GT-R (KPGC10)
Road Collection,Pro/Am,Hot Hatch Power Match 2,Renault,Clio Cup
Road Collection,Pro/Am,Hot Hatch Power Match 2,Renault,Megane R.S. 275 Trophy-R
Road Collection,Pro/Am,Hot Hatch Power Match 2,Mercedes-AMG,A 45
Road Collection,Pro/Am,Classic Nissan Collection,Nissan,240Z (S30)
Road Collection,Pro/Am,Classic Nissan Collection,Nissan,Skyline GT-R V-Spec (R33)
Road Collection,Pro/Am,Classic Nissan Collection,Nissan,300ZX (Z32)
Road Collection,Pro/Am,Japanese Sport Showdown,Nissan,Silvia (S15)
Road Collection,Pro/Am,Japanese Sport Showdown,Honda,S2000 GT
Road Collection,Pro/Am,VTEC for Victory,Honda,Civic Type-R (2000)
Road Collection,Pro/Am,VTEC for Victory,Honda,Integra Type-R
Road Collection,Pro/Am,Giulietta Jam,Alfa Romeo,Giulietta TCR
Road Collection,Pro,Pro/Am Supercar Club,Dodge,Viper SRT10 Coupe
Road Collection,Pro,Pro/Am Supercar Club,Ford,GT (2005)
Road Collection,Pro,Pro/Am Supercar Club,Nissan,GT-R Premium (R35)
Road Collection,Pro,Pro/Am Supercar Club,Porsche,Carrera GT
Road Collection,Pro,RWD Open Revolution,Dodge,Viper SRT10 Coupe
Road Collection,Pro,RWD Open Revolution,Chevrolet,Corvette Stingray Z51
Road Collection,Pro,RWD Open Revolution,Chevrolet,Corvette ZR1
Road Collection,Pro,RWD Open Revolution,BMW,M3 GTS
Road Collection,Pro,RWD Open Revolution,Porsche,911 GT3 RS
Road Collection,Pro,Modern Sports Classics,Dodge,Viper SRT10 Coupe
Road Collection,Pro,Modern Sports Classics,Chevrolet,Corvette Stingray Z51
Road Collection,Pro,Modern Sports Classics,Chevrolet,Corvette ZR1
Road Collection,Pro,Modern Sports Classics,Nissan,GT-R Premium (R35)
Road Collection,Pro,Modern Sports Classics,McLaren,MP4-12C
Road Collection,Pro,Supercar Masters Series,Lamborghini,Gallardo LP560-4
Road Collection,Pro,Supercar Masters Series,SRT,Viper GTS
Road Collection,Pro,Supercar Masters Series,Porsche,911 GT3 RS 4.0
Road Collection,Pro,Supercar Masters Series,Audi,R8 V10 Coupe
Road Collection,Pro,V10 Showdown Series,Lamborghini,Gallardo LP560-4
Road Collection,Pro,V10 Showdown Series,SRT,Viper GTS
Road Collection,Pro,V10 Showdown Series,Audi,R8 V10 Coupe
Road Collection,Pro,V10 Showdown Series,Porsche,Carrera GT
Road Collection,Pro,Deutsch Duell,BMW,M3 GTS
Road Collection,Pro,Deutsch Duell,BMW,M6 Coupe
Road Collection,Pro,Deutsch Duell,Porsche,911 GT3 RS
Road Collection,Pro,Deutsch Duell,Porsche,911 GT3 RS 4.0
Road Collection,Pro,Classic American Muscle,Dodge,Challenger RT (1971)
Road Collection,Pro,Classic American Muscle,Dodge,Charger RT (1969)
Road Collection,Pro,Classic American Muscle,Shelby,Cobra GT500 (1967)
Road Collection,Pro,Retro RWD Tour,Dodge,Challenger RT (1971)
Road Collection,Pro,Retro RWD Tour,Dodge,Charger RT (1969)
Road Collection,Pro,Retro RWD Tour,Shelby,Cobra GT500 (1967)
Road Collection,Pro,Retro RWD Tour,Porsche,911 Carrera RS 2.7 (1972)
Road Collection,Pro,Retro RWD Tour,BMW,3.0 CSL
Road Collection,Pro,E-Type Extravaganza,Jaguar,Lightweight E-Type
Road Collection,Pro,GT4 Renegades,Porsche,Cayman GT4
Road Collection,Pro,Japanese Production Club,Lexus,IS 350 F Sport (2014)
Road Collection,Pro,Japanese Production Club,Nissan,350Z (Z33)
Road Collection,Pro,Japanese Production Club,Mazda,RX-7 Spirit R (FD)
Road Collection,Pro,Renault's Global Passion,Renault,Dezir Concept
Road Collection,Pro,Group A Grand Tour,Nissan,Skyline GT-R Group A (BNR32)
Road Collection,Pro,Vintage Muscle,Dodge,Charger GT (1969)
Road Collection,Pro,Vintage Muscle,Shelby,Cobra GT500 (1967)
Road Collection,Pro,Vintage Muscle,Chevrolet,Camaro SS (1967)
Road Collection,Pro,Maximum Muscle,Dodge,Charger SRT8
Road Collection,Pro,Maximum Muscle,Ford,Mustang GT Premium
Road Collection,Pro,Maximum Muscle,Chevrolet,Camaro SS (2017)
Road Collection,Pro,Nissan Production Heroes,Nissan,350Z (Z33)
Road Collection,Pro,Nissan Production Heroes,Nissan,370Z (Z34)
Road Collection,Pro,Nissan Production Heroes,Nissan,370Z Nismo (Z34)
Road Collection,Pro,VTEC vs Wankel,Mazda,RX-7 Spirit R (FD)
Road Collection,Pro,VTEC vs Wankel,Honda,NSX-R
Road Collection,Pro,Vintage Track Classics,Jaguar,Lightweight E-Type
Road Collection,Pro,Vintage Track Classics,Ferrari,500 TRC
Road Collection,Pro,Two By Four,Nissan,370Z Nismo (Z34)
Road Collection,Pro,Two By Four,Ford,Mustang GT Premium
Road Collection,Pro,Two By Four,Porsche,Cayman GT4
Road Collection,Pro,Two By Four,Alfa Romeo,4C
Road Collection,Pro,Touring Titans,Nissan,Skyline GT-R Group A (BNR32)
Road Collection,Pro,Touring Titans,Alfa Romeo,155 V6 TI
Road Collection,Expert,Accolade Open,Dodge,Viper SRT10 ACR-X
Road Collection,Expert,Accolade Open,Audi,R8 LMS Ultra
Road Collection,Expert,Accolade Open,Porsche,918 RSR Concept
Road Collection,Expert,Accolade Open,BMW,M3 GT2 ALMS
Road Collection,Expert,V10 Grand Open,Dodge,Viper SRT10 ACR-X
Road Collection,Expert,V10 Grand Open,Lamborghini,Gallardo LP560 GT3
Road Collection,Expert,V10 Grand Open,Audi,R8 LMS Ultra
Road Collection,Expert,V10 Grand Open,Lexus,LFA
Road Collection,Expert,Muscle and Prestige,Bentley,Continental GT Speed (2013)
Road Collection,Expert,Muscle and Prestige,Aston Martin,Vanquish
Road Collection,Expert,Muscle and Prestige,Chevrolet,Corvette Stingray Z51
Road Collection,Expert,Muscle and Prestige,Ford,Shelby GT350R
Road Collection,Expert,Marquis World Championship,Chevrolet,Camaro ZL1 (2013)
Road Collection,Expert,Marquis World Championship,KTM,X-Bow R
Road Collection,Expert,Marquis World Championship,Maserati,Granturismo MC Stradale
Road Collection,Expert,Marquis World Championship,Nissan,Silvia (S15)
Road Collection,Expert,Marquis World Championship,Ford,Focus RS
Road Collection,Expert,Marquis World Championship,Maserati,Granturismo MC Stradale (Limited)
Road Collection,Expert,Prestige Powermatch,Bentley,Continental GT Speed (2013)
Road Collection,Expert,Prestige Powermatch,Mercedes-Benz,SL 65 AMG Black Series
Road Collection,Expert,Prestige Powermatch,Maserati,Granturismo MC Stradale
Road Collection,Expert,Prestige Powermatch,Mercedes-Benz,SLS AMG GT3
Road Collection,Expert,Factory Faceoff,Ford,Mustang GT Premium
Road Collection,Expert,Factory Faceoff,Chevrolet,Camaro ZL1 (2013)
Road Collection,Expert,Factory Faceoff,Aston Martin,DB9
Road Collection,Expert,Factory Faceoff,Lexus,IS F (2013)
Road Collection,Expert,Factory Faceoff,Porsche,Cayman S
Road Collection,Expert,Spadaconcept Supercar Showcase,Spada,Codatronca TS
Road Collection,Expert,Spadaconcept Supercar Showcase,Spada,Codatronca Barchetta
Road Collection,Expert,Aston Martin Expedition,Aston Martin,DB9
Road Collection,Expert,Aston Martin Expedition,Aston Martin,Vanquish
Road Collection,Expert,Aston Martin Expedition,Aston Martin,V12 Vantage S
Road Collection,Expert,Luxury Tourer Tournament,Aston Martin,DB9
Road Collection,Expert,Luxury Tourer Tournament,Mercedes-Benz,SL 65 AMG Black Series
Road Collection,Expert,Luxury Tourer Tournament,Maserati,Granturismo MC Stradale
Road Collection,Expert,Track Aces,Porsche,911 GT2 (2003)
Road Collection,Expert,Track Aces,Mercedes-Benz,SLS AMG GT3
Road Collection,Expert,Track Aces,Aston Martin,Vantage N430
Road Collection,Expert,Silvia R3 Spec World Series,Nissan,Silvia (S15) R3 Spec
Road Collection,Expert,Porsche Supremacy,Porsche,Cayman GT4
Road Collection,Expert,Porsche Supremacy,Porsche,911 Carrera S
Road Collection,Expert,Unleashed World Series,Dodge,Charger SRT8
Road Collection,Expert,Unleashed World Series,Aston Martin,DB9
Road Collection,Expert,Unleashed World Series,Dodge,Challenger SRT Hellcat
Road Collection,Expert,Ultimate Vantage,Aston Martin,Vantage N430
Road Collection,Expert,Ultimate Vantage,Aston Martin,V12 Vantage S
Road Collection,Expert,Ultimate Vantage,Aston Martin,Vantage AMR Pro
Road Collection,Expert,Millennial Sports,Ford,GT (2005)
Road Collection,Expert,Millennial Sports,Porsche,911 GT2 (2003)
Road Collection,Expert,Millennial Sports,Ferrari,F430
Road Collection,Expert,Autobahn Aces,BMW,M6 Coupe
Road Collection,Expert,Autobahn Aces,Mercedes-Benz,SL 65 AMG Black Series
Road Collection,Expert,Autobahn Aces,Audi,TT RS Coupe (2019)
Road Collection,Expert,Sports Coupe Challenge,Honda,NSX-R
Road Collection,Expert,Sports Coupe Challenge,Porsche,911 Carrera RS 3.8 (1995)
Road Collection,Expert,Sports Coupe Challenge,Ferrari,360 Modena
Road Collection,Expert,Super Coupe Group,Audi,TT RS Coupe (2012)
Road Collection,Expert,Super Coupe Group,Nissan,370Z Nismo (Z34)
Road Collection,Expert,Super Coupe Group,BMW,M2 Competition
Road Collection,Master,Open Sky Challenge,Ariel,Atom 3.5
Road Collection,Master,Open Sky Challenge,KTM,X-Bow R
Road Collection,Master,Open Sky Challenge,Caterham,Seven 620 R
Road Collection,Master,Open Sky Challenge,Ariel,Atom V8
Road Collection,Master,German Grand Tour,Porsche,911 GT3 Cup
Road Collection,Master,German Grand Tour,Audi,R8 V10 Coupe
Road Collection,Master,German Grand Tour,BMW,Z4 GT3
Road Collection,Master,German Grand Tour,Audi,R8 LMS Ultra
Road Collection,Master,German Grand Tour,BMW,3.0 CSL Hommage R
Road Collection,Master,Grip Fiends,KTM,X-Box R
Road Collection,Master,Grip Fiends,Audi,R8 LMS Ultra
Road Collection,Master,Grip Fiends,BMW,M3 GT2 ALMS
Road Collection,Master,Euro Supercar Duel,Mercedes-Benz,SLS AMG
Road Collection,Master,Euro Supercar Duel,Bentley,Continental Supersports
Road Collection,Master,Grand Tour Supremacy Series,Bentley,Continental Supersports
Road Collection,Master,Grand Tour Supremacy Series,Mercedes-Benz,SLS AMG
Road Collection,Master,Grand Tour Supremacy Series,Bentley,Continental GT Speed (2013)
Road Collection,Master,Grand Tour Supremacy Series,Aston Martin,Vanquish
Road Collection,Master,Grand Tour Supremacy Series,Mercedes-Benz,SL 65 AMG Black Series
Road Collection,Master,GTS Superseries,Porsche,Boxster GTS
Road Collection,Master,Redline: Origins,Ferrari,375 F1
Road Collection,Master,Redline: Origins,Caterham,Seven 620R
Road Collection,Master,Redline: Origins,Ferrari,LaFerrari
Road Collection,Master,Classic Ferrari Showdown,Ferrari,F40
Road Collection,Master,Classic Ferrari Showdown,Ferrari,F50
Road Collection,Master,Tuned Nissan Perfection,Nissan,GT-R Premium (R35)
Road Collection,Master,Tuned Nissan Perfection,Nissan,Skyline GT-R Group A (BNR32)
Road Collection,Master,Tuned Nissan Perfection,Nissan,Silvia (S15) R3 Spec
Road Collection,Master,Tuned Nissan Perfection,Nissan,GT-R Nismo (R35)
Road Collection,Master,Ferrari Heritage Hustle,Ferrari,375 F1
Road Collection,Master,GT3 World Series,Porsche,911 GT3 Cup
Road Collection,Master,GT3 World Series,Lamborghini,Gallardo LP560 GT3
Road Collection,Master,GT3 World Series,BMW,Z4 GT3
Road Collection,Master,GT3 World Series,Aston Martin,Vantage GT3
Road Collection,Master,East/West Throwdown,Porsche,911 GT3 Cup
Road Collection,Master,East/West Throwdown,Nissan,GT-R Premium (R35)
Road Collection,Master,East/West Throwdown,Nissan,Sumo Power GT GT-R GT1
Road Collection,Master,East/West Throwdown,Porsche,918 RSR Concept
Road Collection,Master,Race-Spec Maserati Granturismo MC Stradale World Tour,Maserati,Granturismo MC Stradale (Limited)
Road Collection,Master,6 Cyl Mastery,Porsche,Cayman GT4
Road Collection,Master,6 Cyl Mastery,Porsche,911 GT2 (2003)
Road Collection,Master,6 Cyl Mastery,Lotus,Exige 360 Cup
Road Collection,Master,Open Sky Challenge II,Ariel,Atom 3.5
Road Collection,Master,Open Sky Challenge II,KTM,X-Bow R
Road Collection,Master,Open Sky Challenge II,Caterham,Seven 620 R
Road Collection,Master,Open Sky Challenge II,Lotus,3-Eleven
Road Collection,Master,Road vs Rally,Hyundai,i20 WRC
Road Collection,Master,Road vs Rally,Lotus,Exige 360 Cup
Road Collection,Master,Japanese Ultra,Nissan,Skyline GT-R Group A (BNR32)
Road Collection,Master,Japanese Ultra,Nissan,Silvia (S15) R3 Spec
Road Collection,Master,Japanese Ultra,Ferrari,J50
Road Collection,Master,Season in Sicily,Porsche,718 RSK
Road Collection,Master,Nissan R3 Spec Showcase,Nissan,240Z (S30) R3 Spec
Road Collection,Master,Nissan R3 Spec Showcase,Nissan,Skyline GT-R (R34) R3 Spec
Road Collection,Master,Nissan R3 Spec Showcase,Nissan,370Z (Z34) R3 Spec
Road Collection,Master,Mountain Spider,Porsche,909 Bergspyder
Road Collection,Master,Prestige Meets Performance,Maserati,Granturismo MC Stradale
Road Collection,Master,Prestige Meets Performance,Porsche,911 Carrera S
Road Collection,Master,Prestige Meets Performance,BMW,M5
Road Collection,Master,Unstoppable Supercars of America,Dodge,Challenger SRT Hellcat
Road Collection,Master,Unstoppable Supercars of America,Chevrolet,Corvette ZR1
Road Collection,Master,Unstoppable Supercars of America,Ford,Shelby GT350R
Road Collection,Master,Unstoppable Supercars of America,Ford,Shelby GT500 (2020)
Road Collection,Master,Real Racing Redux,McLaren,F1 GTR
Road Collection,Master,Real Racing Redux,BMW,M3 GT2 ALMS
Road Collection,Master,Real Racing Redux,Chevrolet,Corvette C6.R GT2
Road Collection,Master,Fully Charged,Audi,E-Tron GT Concept
Road Collection,Master,Fully Charged,Porsche,Taycan Turbo S
Road Collection,Master,American Classics,SRT,Viper GTS
Road Collection,Master,American Classics,Ford,Shelby GT350R
Road Collection,Master,American Classics,Chevrolet,Corvette Stingray C8
Road Collection,Elite,Speedrush TV Challenge,Audi,R8 V10 Spyder
Road Collection,Elite,Speedrush TV Challenge,Koenigsegg,Agera R
Road Collection,Elite,Vanguard Challenge,McLaren,MP4-12C
Road Collection,Elite,Vanguard Challenge,Audi,R8 V10 Spyder
Road Collection,Elite,Vanguard Challenge,Lamborghini,Aventador LP700-4
Road Collection,Elite,Vanguard Challenge,McLaren,F1
Road Collection,Elite,Vanguard Challenge,Pagani,Zonda F
Road Collection,Elite,12+ Cyl Slam,McLaren,F1
Road Collection,Elite,12+ Cyl Slam,Pagani,Zonda F
Road Collection,Elite,12+ Cyl Slam,Pagani,Huayra
Road Collection,Elite,12+ Cyl Slam,Bugatti,Veyron 16.4
Road Collection,Elite,12+ Cyl Slam,Bugatti,Veyron 16.4 Grand Sport Vitesse
Road Collection,Elite,The Legend Continues,Chevrolet,Stingray 427 (1969)
Road Collection,Elite,The Legend Continues,Shelby,Cobra 427 (1966)
Road Collection,Elite,GT1 Grand Tour,Ford,GT FIA GT1
Road Collection,Elite,GT1 Grand Tour,Nissan,Sumo Power GT GT-R GT1
Road Collection,Elite,GT1 Grand Tour,Nissan,JR Motorsports GT-R GT1
Road Collection,Elite,GT1 Grand Tour,Lamborghini,Murcielago R-SV GT1
Road Collection,Elite,High-Rev Rush,Ferrari,F50
Road Collection,Elite,High-Rev Rush,Lamborghini,Murcielago R-SV GT1
Road Collection,Elite,High-Rev Rush,Lamborghini,Aventador LP700-4
Road Collection,Elite,High-Rev Rush,McLaren,F1
Road Collection,Elite,Global GT Clash,BMW,Z4 GT3
Road Collection,Elite,Global GT Clash,Aston Martin,Vantage GT3
Road Collection,Elite,Global GT Clash,Ford,GT FIA GT1
Road Collection,Elite,Global GT Clash,Nissan,JR Motorsports GT-R GT1
Road Collection,Elite,Global GT Clash,BMW,M3 GT2 ALMS
Road Collection,Elite,Lexus LFA Showcase Series,Lexus,LFA
Road Collection,Elite,50 Years of 911,Porsche,911 Carrera RS 2.7 (1972)
Road Collection,Elite,50 Years of 911,Porsche,911 Targa (1974)
Road Collection,Elite,50 Years of 911,Porsche,911 Carrera 2 Speedster (1993)
Road Collection,Elite,50 Years of 911,Porsche,911 Carrera RS 3.8 (1995)
Road Collection,Elite,50 Years of 911,Porsche,911 GT2 (2003)
Road Collection,Elite,50 Years of 911,Porsche,911 Turbo (2009)
Road Collection,Elite,50 Years of 911,Porsche,911 RSR (2013)
Road Collection,Elite,Ferrari Faceoff,Ferrari,FF
Road Collection,Elite,Ferrari Faceoff,Ferrari,458 Italia
Road Collection,Elite,Ferrari Faceoff,Ferrari,F12Berlinetta
Road Collection,Elite,Battle Italia,Lamborghini,Gallardo LP560-4
Road Collection,Elite,Battle Italia,Ferrari,FF
Road Collection,Elite,Battle Italia,Lamborghini,Aventador LP700-4
Road Collection,Elite,Battle Italia,Ferrari,458 Italia
Road Collection,Elite,Battle Italia,Ferrari,F12Berlinetta
Road Collection,Elite,International Power-Match,Audi,R8 LMS Ultra
Road Collection,Elite,International Power-Match,Lamborghini,Huracan LP610-4
Road Collection,Elite,International Power-Match,Nissan,LR Motorsports GT-R GT1
Road Collection,Elite,International Power-Match,Lamborghini,Murcielago R-SV GT1
Road Collection,Elite,International Power-Match,McLaren,650S GT3
Road Collection,Elite,Road Masters,Lexus,LFA
Road Collection,Elite,Road Masters,Audi,R8 V10 Spyder
Road Collection,Elite,Road Masters,McLaren,675LT
Road Collection,Elite,Project Jaguar,Jaguar,XJ220
Road Collection,Elite,Project Jaguar,Jaguar,F-Type SVR
Road Collection,Elite,Project Jaguar,Jaguar,XE SV Project 8
Road Collection,Elite,Grand Adventure,Mercedes-Benz,SL 65 AMG Black Series
Road Collection,Elite,Grand Adventure,Ferrari,458 Italia
Road Collection,Elite,Grand Adventure,McLaren,570GT
Road Collection,Elite,Coupé de Grace,Porsche,911 Carrera S
Road Collection,Elite,Coupé de Grace,Jaguar,F-Type SVR
Road Collection,Elite,Track Thrillers,Lexus,LFA
Road Collection,Elite,Track Thrillers,McLaren,MP4-12C
Road Collection,Elite,Track Thrillers,Ferrari,F12TDF
Road Collection,Elite,Trofeo Trials,Lamborghini,Huracan Super Trofeo Evo
Road Collection,Elite,Burning Rubber,Lamborghini,Aventador LP700-4
Road Collection,Elite,Burning Rubber,McLaren,675LT
Road Collection,Elite,Burning Rubber,Ford,GT (2017)
Road Collection,Elite,Aggressive Aerodynamics,Lamborghini,Aventador SVJ
Road Collection,Elite,Aggressive Aerodynamics,McLaren,Senna
Road Collection,Elite,Aggressive Aerodynamics,Brabham,BT62
Road Collection,Elite,Porsche Ascendancy,Porsche,911 Turbo (2009)
Road Collection,Elite,Porsche Ascendancy,Porsche,918 Spyder Concept
Road Collection,Elite,Porsche Ascendancy,Porsche,918 Spyder Weissach Package
Road Collection,Elite,Porsche Ascendancy,Porsche,911 GT2 RS
Road Collection,Elite,Supercar Revelations,McLaren,570GT
Road Collection,Elite,Supercar Revelations,Ferrari,J50
Road Collection,Elite,Supercar Revelations,McLaren,600LT
Road Collection,Elite,Superfast Supercars,Lotus,Exige 360 Cup
Road Collection,Elite,Superfast Supercars,Lamborghini,Huracan LP610-4
Road Collection,Elite,Superfast Supercars,Ferrari,812 Superfast
Road Collection,Elite,Exos Experience,Lotus,Type 125
Road Collection,Elite,Ford Shelby GT350R R3 Spec World Series,Ford,Shelby GT350R R3 Spec
Road Collection,Elite,Lamborghini Huracan R3 Spec World Series,Lamborghini,Huracan R3 Spec
Road Collection,Elite,Nissan GT-R (R35) R3 Spec World Series,Nissan,GT-R (R35) R3 Spec
Road Collection,Elite,Jaguar C-X75 R3 Spec World Series,Jaguar,C-X75 R3 Spec
Road Collection,Elite,Supercar Clash,Porsche,918 Spyder Concept
Road Collection,Elite,Supercar Clash,McLaren,720S Coupe
Road Collection,Elite,Supercar Clash,Lamborghini,Huracan Performante
Road Collection,Elite,All-Out Attack,Ford,Shelby GT350R
Road Collection,Elite,All-Out Attack,Aston Martin,Vantage GT3
Road Collection,Elite,All-Out Attack,Mercedes-AMG,GT3
Road Collection,Elite,720S Proving Grounds,Lamborghini,Huracan LP610-4
Road Collection,Elite,720S Proving Grounds,McLaren,675LT
Road Collection,Elite,720S Proving Grounds,McLaren,720S Coupe
Road Collection,Elite,Automotive Mastery,Lamborghini,Huracan LP610-4
Road Collection,Elite,Automotive Mastery,Porsche,918 RSR Concept
Road Collection,Elite,Automotive Mastery,McLaren,650S GT3
Road Collection,Elite,Automotive Mastery,Jaguar,C-X75
Road Collection,Elite,Spirit of 59,Porsche,Cayman S
Road Collection,Elite,Spirit of 59,Ferrari,458 Italia
Road Collection,Elite,Spirit of 59,Aston Martin,Vantage 59
Road Collection,Elite,Maximum Performance,Porsche,911 Turbo (2009)
Road Collection,Elite,Maximum Performance,Ferrari,599 GTO
Road Collection,Elite,Maximum Performance,Mercedes-Benz,SLR McLaren 722
Road Collection,Elite,Road to GT3,Aston Martin,Vantage 59
Road Collection,Elite,Road to GT3,Lamborghini,Huracan LP610-4
Road Collection,Elite,Road to GT3,Porsche,911 GT3 RS (2018)
Road Collection,Elite,Track Power Trio,Lamborghini,Huracan LP610-4
Road Collection,Elite,Track Power Trio,Jaguar,XE SV Project 8
Road Collection,Elite,Track Power Trio,Ferrari,F8 Tributo
Road Collection,Elite,Super Speed Factor,Ferrari,F8 Tributo
Road Collection,Elite,Super Speed Factor,McLaren,720S Coupe
Road Collection,Elite,Super Speed Factor,Lamborghini,Aventador SVJ
Road Collection,Elite,Raw Performance,Ariel,Atom V8
Road Collection,Elite,Raw Performance,Lamborghini,Aventador SVJ
Road Collection,Elite,Raw Performance,McLaren,Senna
Road Collection,Elite,Essenza Extravaganza,Lamborghini,Essenza SCV12
Road Collection,Elite,International Super Coupe Challenge,Porsche,911 GT3 RS (2018)
Road Collection,Elite,International Super Coupe Challenge,Ford,GT (2017)
Road Collection,Elite,International Super Coupe Challenge,McLaren,765LT
Road Collection,Elite,Road Revolutions,Chevrolet,Corvette Stingray Z51
Road Collection,Elite,Road Revolutions,Ford,Shelby GT350R
Road Collection,Elite,Road Revolutions,Acura,NSX (2017)
Road Collection,Legend,Supercar Elites,Porsche,918 Spyder Concept
Road Collection,Legend,Supercar Elites,Pagani,Huayra
Road Collection,Legend,Supercar Elites,Koenigsegg,CCXR
Road Collection,Legend,Supercar Elites,Koenigsegg,Agera
Road Collection,Legend,Speed Demons,Koenigsegg,CCXR
Road Collection,Legend,Speed Demons,Koenigsegg,Agera
Road Collection,Legend,Speed Demons,Pagani,Zonda R
Road Collection,Legend,Speed Demons,Porsche,911 RSR (2014)
Road Collection,Legend,Speed Demons,Koenigsegg,Agera R
Road Collection,Legend,Clash of the Classics,Porsche,911 Carrera RS 2.7 (1972)
Road Collection,Legend,Clash of the Classics,Lamborghini,Countach
Road Collection,Legend,Clash of the Classics,Shelby,Cobra 427 (1966)
Road Collection,Legend,Clash of the Classics,Lamborghini,Miura
Road Collection,Legend,Spirit of Ferrari,Ferrari,458 Spider
Road Collection,Legend,Spirit of Ferrari,Ferrari,599 GTO
Road Collection,Legend,Spirit of Ferrari,Ferrari,Enzo Ferrari
Road Collection,Legend,Spider Showdown,Audi,R8 V10 Spyder
Road Collection,Legend,Spider Showdown,Ferrari,458 Spider
Road Collection,Legend,Spider Showdown,McLaren,12C Spider
Road Collection,Legend,Spider Showdown,Porsche,918 Spyder Concept
Road Collection,Legend,Enzo Ferrari Triumph,Ferrari,Enzo Ferrari
Road Collection,Legend,Zenith Series,Bugatti,Veyron 16.4
Road Collection,Legend,Zenith Series,Pagani,Zonda R
Road Collection,Legend,Zenith Series,Bugatti,Veyron 16.4 Grand Sport Vitesse
Road Collection,Legend,Zenith Series,Ferrari,LaFerrari
Road Collection,Legend,Zenith Series,Koenigsegg,Agera R
Road Collection,Legend,All Star Vendetta,Porsche,911 Turbo (2009)
Road Collection,Legend,All Star Vendetta,Nissan,GT-R Premium (R35)
Road Collection,Legend,All Star Vendetta,McLaren,MP4-12C
Road Collection,Legend,All Star Vendetta,Lamborghini,Aventador LP700-4
Road Collection,Legend,All Star Vendetta,Ferrari,F12Berlinetta
Road Collection,Legend,Collector's Championship,Porsche,Carrera GT
Road Collection,Legend,Collector's Championship,Ferrari,Enzo Ferrari
Road Collection,Legend,Collector's Championship,Aston Martin,One-77
Road Collection,Legend,Road To Le Mans,Nissan,Silvia (S15)
Road Collection,Legend,Road To Le Mans,Ford,Focus RS
Road Collection,Legend,Road To Le Mans,Chevrolet,Cobalt SS
Road Collection,Legend,Road To Le Mans,Nissan,Skyline GT-R V-Spec (R34)
Road Collection,Legend,Road To Le Mans,Dodge,Viper SRT10 Coupe
Road Collection,Legend,Road To Le Mans,Lamborghini,Gallardo LP560-4
Road Collection,Legend,Road To Le Mans,Aston Martin,Vanquish
Road Collection,Legend,Road To Le Mans,Porsche,Carrera GT
Road Collection,Legend,Road To Le Mans,Dodge,Viper SRT10 ACR-X
Road Collection,Legend,Road To Le Mans,Porsche,911 GT3 Cup
Road Collection,Legend,Road To Le Mans,Lamborghini,Gallardo LP560 GT3
Road Collection,Legend,Road To Le Mans,Mercedes-Benz,SLS AMG GT3
Road Collection,Legend,Road To Le Mans,Porsche,919 Hybrid (2014)
Road Collection,Legend,Road To Le Mans,Audi,R18 E-Tron Quattro (2014)
Road Collection,Legend,Road To Le Mans,Toyota,TS040 Hybrid (2014)
Road Collection,Legend,Vertex Spirit,McLaren,P1
Road Collection,Legend,Vertex Spirit,Renault,R.S. 01
Road Collection,Legend,Vertex Spirit,Lamborghini,Veneno
Road Collection,Legend,Hybrid Hypercar Clash,Porsche,918 Spyder Concept
Road Collection,Legend,Hybrid Hypercar Clash,Lamborghini,Asterion LPI910-4
Road Collection,Legend,Hybrid Hypercar Clash,McLaren,P1
Road Collection,Legend,Hybrid Hypercar Clash,Ferrari,LaFerrari
Road Collection,Legend,Concept Car Clash,Porsche,918 Spyder Weissach Package
Road Collection,Legend,Concept Car Clash,Lamborghini,Asterion LPI910-4
Road Collection,Legend,MotorFiesta 1,McLaren,P1
Road Collection,Legend,MotorFiesta 1,Porsche,911 RSR (2014)
Road Collection,Legend,MotorFiesta 1,Bugatti,Veyron 16.4 Grand Sport Vitesse
Road Collection,Legend,MotorFiesta 1,Ferrari,LaFerrari
Road Collection,Legend,MotorFiesta 1,Lamborghini,Veneno
Road Collection,Legend,MotorFiesta 1,Audi,R18 E-Tron Quattro (2014)
Road Collection,Legend,MotorFiesta 1,Dodge,Charger GT (1969)
Road Collection,Legend,MotorFiesta 1,Shelby,Cobra 427 (1966)
Road Collection,Legend,MotorFiesta 1,Ferrari,375 F1
Road Collection,Legend,MotorFiesta 1,Ferrari,412 T2
Road Collection,Legend,MotorFiesta 1,BMW,M3 GT2 ALMS
Road Collection,Legend,MotorFiesta 1,BMW,M3 Coupe
Road Collection,Legend,MotorFiesta 1,Audi,R8 LMS Ultra
Road Collection,Legend,MotorFiesta 1,BMW,Z4 GT3
Road Collection,Legend,MotorFiesta 1,Lamborghini,Murcielago R-SV GT1
Road Collection,Legend,MotorFiesta 1,Porsche,919 Hybrid (2014)
Road Collection,Legend,MotorFiesta 1,Toyota,TS040 (2014)
Road Collection,Legend,MotorFiesta 1,McLaren,MP4-12C
Road Collection,Legend,MotorFiesta 1,Nissan,JR Motorsports GT-R GT1
Road Collection,Legend,MotorFiesta 1,Porsche,918 RSR Concept
Road Collection,Legend,MotorFiesta 1,Lamborghini,Aventador LP700-4
Road Collection,Legend,MotorFiesta 1,Ferrari,F12Berlinetta
Road Collection,Legend,MotorFiesta 1,Hyundai,Veloster Turbo
Road Collection,Legend,MotorFiesta 1,Hyundai,i20 WRC
Road Collection,Legend,MotorFiesta 1,Mercedes-Benz,SLS AMG GT3
Road Collection,Legend,McLaren Generations,McLaren,F1 GTR
Road Collection,Legend,McLaren Generations,McLaren,720S Coupe
Road Collection,Legend,McLaren Generations,McLaren,P1
Road Collection,Legend,McLaren Generations,McLaren,P1 GTR
Road Collection,Legend,High-Tech Legends,Aston Martin,Vulcan
Road Collection,Legend,High-Tech Legends,Renault,R.S. 01
Road Collection,Legend,High-Tech Legends,Porsche,911 RSR (2015)
Road Collection,Legend,High-Tech Legends,McLaren,P1 GTR
Road Collection,Legend,Hypercar Charge,Hennessey,Venom GT
Road Collection,Legend,Hypercar Charge,Koenigsegg,Agera R
Road Collection,Legend,Hypercar Charge,Koenigsegg,Regera
Road Collection,Legend,Hypercar Charge,Koenigsegg,One:1
Road Collection,Legend,Campionato Scuderia Ferrari,Ferrari,F14 T
Road Collection,Legend,Ferrari Evolution,Ferrari,412 T2
Road Collection,Legend,Ferrari Evolution,Ferrari,F14 T
Road Collection,Legend,MP4/4 Historia,McLaren,MP4/4
Road Collection,Legend,Endurance Legends,Toyota,TS040 Hybrid (2014)
Road Collection,Legend,Endurance Legends,Audi,R18 E-Tron Quattro (2014)
Road Collection,Legend,Endurance Legends,Porsche,919 Hybrid (2014)
Road Collection,Legend,Endurance Legends,Nissan,GT-R LM Nismo (2015)
Road Collection,Legend,Endurance Legends,Audi,R18 E-Tron Quattro (2015)
Road Collection,Legend,Endurance Legends,Porsche,919 Hybrid (2015)
Road Collection,Legend,Classic Clash: Porsche,Porsche,911 Carrera 2 Speedster (1993)
Road Collection,Legend,Classic Clash: Porsche,Porsche,911 Carrera RS 3.8 (1995)
Road Collection,Legend,Classic Clash: Porsche,Porsche,959 Sport
Road Collection,Legend,80's Poster Exotics,Lamborghini,Countach
Road Collection,Legend,80's Poster Exotics,Ferrari,Testarossa
Road Collection,Legend,80's Poster Exotics,BMW,M1
Road Collection,Legend,Supercar Classic Clash,Lamborghini,Countach
Road Collection,Legend,Supercar Classic Clash,Ferrari,F40
Road Collection,Legend,Supercar Classic Clash,Porsche,959 Sport
Road Collection,Legend,Supercar Classic Clash,Jaguar,XJ220
Road Collection,Legend,Hypercar Club,Pagani,Huayra
Road Collection,Legend,Hypercar Club,Koenigsegg,CCXR
Road Collection,Legend,Hypercar Club,Lamborghini,Centenario LP770-4
Road Collection,Legend,Concept vs Production,Audi,R8 V10 Spyder
Road Collection,Legend,Concept vs Production,McLaren,F1
Road Collection,Legend,Concept vs Production,Porsche,918 Spyder Concept
Road Collection,Legend,Concept vs Production,Mazda,Furai
Road Collection,Legend,Toro Del Toro,Lamborghini,Asterion LPI910-4
Road Collection,Legend,Toro Del Toro,Lamborghini,Veneno
Road Collection,Legend,Toro Del Toro,Lamborghini,Sesto Elemento
Road Collection,Legend,Italian Prime,Ferrari,LaFerrari
Road Collection,Legend,Italian Prime,Lamborghini,Sesto Elemento
Road Collection,Legend,Italian Prime,Pagani,Zonda R
Road Collection,Legend,Italian Prime,Ferrari,FXX K
Road Collection,Legend,Festival of Ferrari,Ferrari,812 Superfast
Road Collection,Legend,Festival of Ferrari,Ferrari,LaFerrari
Road Collection,Legend,Festival of Ferrari,Ferrari,FXX K Evo
Road Collection,Legend,Essential Pagani,Pagani,Zonda F
Road Collection,Legend,Essential Pagani,Pagani,Huayra
Road Collection,Legend,Essential Pagani,Pagani,Zonda R
Road Collection,Legend,Essential Pagani,Pagani,Huayra BC
Road Collection,Legend,Breakneck Legends,Porsche,918 Spyder Weissach Package
Road Collection,Legend,Breakneck Legends,Aston Martin,Vulcan
Road Collection,Legend,Breakneck Legends,Pagani,Zonda R
Road Collection,Legend,Breakneck Legends,Koenigsegg,Agera R
Road Collection,Legend,Breakneck Legends,Hennessey,Venom GT
Road Collection,Legend,Cutting Edge,McLaren,MP4-X
Road Collection,Legend,Chiron Showcase,Bugatti,Chiron
Road Collection,Legend,Chiron Showcase,Bugatti,Chiron Sport
Road Collection,Legend,Clash of Icons,Ferrari,Testarossa
Road Collection,Legend,Clash of Icons,Bugatti,EB 110 Super Sport
Road Collection,Legend,Tribute Tour,Porsche,919 Hybrid Evo
Road Collection,Legend,Masters of the Track,Lamborghini,Sesto Elemento
Road Collection,Legend,Masters of the Track,Aston Martin,Vulcan
Road Collection,Legend,Masters of the Track,Porsche,911 GT2 RS Clubsport
Road Collection,Legend,Lamborghini Legends,Lamborghini,Miura
Road Collection,Legend,Lamborghini Legends,Lamborghini,Countach
Road Collection,Legend,Lamborghini Legends,Lamborghini,Diablo SV
Road Collection,Legend,Angelholm's Advance,Koenigsegg,Regera
Road Collection,Legend,Angelholm's Advance,Koenigsegg,One:1
Road Collection,Legend,Angelholm's Advance,Koenigsegg,Agera RS
Road Collection,Legend,No Limits,McLaren,P1 GTR
Road Collection,Legend,No Limits,Ferrari,FXX K Evo
Road Collection,Legend,No Limits,McLaren,Senna GTR
Road Collection,Legend,Peak Porsche Performance,Porsche,911 GT2 RS
Road Collection,Legend,Peak Porsche Performance,Porsche,911 GT2 RS Clubsport
Road Collection,Legend,Peak Porsche Performance,Porsche,935 (2019)
Road Collection,Legend,Flight of the Valkyrie,Aston Martin,Valkyrie
Road Collection,Legend,Shock and Awe,Volkswagen,ID.R
Road Collection,Legend,Full Throttle Free-For-All,Koenigsegg,Agera RS
Road Collection,Legend,Full Throttle Free-For-All,Bugatti,Chiron Sport
Road Collection,Legend,Full Throttle Free-For-All,Hennessey,Venom F5
Road Collection,Legend,Supercar Renaissance,Lamborghini,Asterion LPI910-4
Road Collection,Legend,Supercar Renaissance,Lamborghini,Essenza SCV12
Road Collection,Legend,Supercar Renaissance,Bugatti,Divo
Road Collection,Legend,"Past, Present and Future",Koenigsegg,Regera
Road Collection,Legend,"Past, Present and Future",Pagani,Huayra BC
Road Collection,Legend,"Past, Present and Future",Lotus,Evija
Road Collection,Exclusive Series,Mazda MX-5 (NA) (Exclusive Series),Mazda,MX-5 (NA)
Road Collection,Exclusive Series,Nissan Skyline GT-R V-Spec (R34) (Exclusive Series),Nissan,Skyline GT-R V-Spec (R34)
Road Collection,Exclusive Series,Mercedes-Benz 190E 2.5-16 Evolution II (Exclusive Series),Mercedes-Benz,190E 2.5-16 Evolution II
Road Collection,Exclusive Series,BMW M3 (E30) (Exclusive Series),BMW,M3 (E30)
Road Collection,Exclusive Series,Honda Civic Type-R (Exclusive Series),Honda,Civic Type-R (2000)
Road Collection,Exclusive Series,Chevrolet Corvette Grand Sport (Exclusive Series),Chevrolet,Corvette Grand Sport
Road Collection,Exclusive Series,Mazda RX-7 Spirit R (FD) (Exclusive Series),Mazda,RX-7 Spirit R (FD)
Road Collection,Exclusive Series,Nissan 370Z Nismo (Exclusive Series),Nissan,370Z Nismo (Z34)
Road Collection,Exclusive Series,Honda NSX-R (Exclusive Series),Honda,NSX-R
Road Collection,Exclusive Series,BMW M1 (Exclusive Series),BMW,M1
Road Collection,Exclusive Series,Lamborghini Countach (Exclusive Series),Lamborghini,Countach
Road Collection,Exclusive Series,Ferrari Testarossa (Exclusive Series),Ferrari,Testarossa
Road Collection,Exclusive Series,Nissan Z (Exclusive Series),Nissan,Z
Road Collection,Exclusive Series,Nissan 240Z (S30) R3 Spec (Exclusive Series),Nissan,240Z (S30) R3 Spec
Road Collection,Exclusive Series,BMW M3 GTS (Exclusive Series),BMW,M3 GTS
Road Collection,Exclusive Series,Audi RS 5 Coupe (Exclusive Series),Audi,RS 5 Coupe
Road Collection,Exclusive Series,Dodge Challenger SRT Hellcat (Exclusive Series),Dodge,Challenger SRT Hellcat
Road Collection,Exclusive Series,Lamborghini Gallardo LP560-4 (Exclusive Series),Lamborghini,Gallardo LP560-4
Road Collection,Exclusive Series,Nissan Skyline GT-R Group A (BNR32) (Exclusive Series),Nissan,Skyline GT-R Group A (BNR32)
Road Collection,Exclusive Series,Alfa Romeo 155 V6 TI (Exclusive Series),Alfa Romeo,155 V6 TI
Road Collection,Exclusive Series,Jaguar XJ220 (Exclusive Series),Jaguar,XJ220
Road Collection,Exclusive Series,Audi TT RS Coupe (2019) (Exclusive Series),Audi,TT RS Coupe (2019)
Road Collection,Exclusive Series,Nissan Silvia (S15) R3 Spec (Exclusive Series),Nissan,Silvia (S15) R3 Spec
Road Collection,Exclusive Series,Cadillac CT5-V Blackwing (Exclusive Series),Cadillac,CT5-V Blackwing
Road Collection,Exclusive Series,Aston Martin V12 Vantage (2022) (Exclusive Series),Aston Martin,V12 Vantage (2022)
Road Collection,Exclusive Series,Mercedes-Benz AMG CLK GTR Straßenversion (Exclusive Series),Mercedes-Benz,AMG CLK GTR Straßenversion
Road Collection,Exclusive Series,Porsche 911 GT1 Straßenversion (Exclusive Series),Porsche,911 GT1 Straßenversion
Road Collection,Exclusive Series,Nissan Leaf Nismo RC (Exclusive Series),Nissan,Leaf Nismo RC
Road Collection,Exclusive Series,Audi E-Tron GT Concept (Exclusive Series),Audi,E-Tron GT Concept
Road Collection,Exclusive Series,Porsche Taycan Turbo S (Exclusive Series),Porsche,Taycan Turbo S
Road Collection,Exclusive Series,Lamborghini Reventon (Exclusive Series),Lamborghini,Reventon
Road Collection,Exclusive Series,Aston Martin V12 Vantage S (Exclusive Series),Aston Martin,V12 Vantage S
Road Collection,Exclusive Series,Ferrari Enzo Ferrari (Exclusive Series),Ferrari,Enzo Ferrari
Road Collection,Exclusive Series,Aston Martin V12 Speedster (Exclusive Series),Aston Martin,V12 Speedster
Road Collection,Exclusive Series,Jaguar F-Type SVR (Exclusive Series),Jaguar,F-Type SVR
Road Collection,Exclusive Series,Chevrolet Corvette Stingray C8 (Exclusive Series),Chevrolet,Corvette Stingray C8
Road Collection,Exclusive Series,Porsche 718 Cayman GT4 RS (Exclusive Series),Porsche,718 Cayman GT4 RS
Road Collection,Exclusive Series,BMW M3 GTR Street (Exclusive Series),BMW,M3 GTR Street
Road Collection,Exclusive Series,Ford Shelby GT500 (2020) (Exclusive Series),Ford,Shelby GT500 (2020)
Road Collection,Exclusive Series,BMW M5 (Exclusive Series),BMW,M5
Road Collection,Exclusive Series,Mercedes-Benz SLR McLaren 722 (Exclusive Series),Mercedes-Benz,SLR McLaren 722
Road Collection,Exclusive Series,Porsche 911 GT3 (2021) (Exclusive Series),Porsche,911 GT3 (2021)
Road Collection,Exclusive Series,Chevrolet Corvette C7 ZR1 (Exclusive Series),Chevrolet,Corvette C7 ZR1
Road Collection,Exclusive Series,Porsche 909 Bergspyder (Exclusive Series),Porsche,909 Bergspyder
Road Collection,Exclusive Series,Chevrolet Camaro ZL1 1LE (Exclusive Series),Chevrolet,Camaro ZL1 1LE
Road Collection,Exclusive Series,Ferrari Monza SP1 (Exclusive Series),Ferrari,Monza SP1
Road Collection,Exclusive Series,Audi R8 LMS Ultra (Exclusive Series),Audi,R8 LMS Ultra
Road Collection,Exclusive Series,Aston Martin Vantage AMR Pro (Exclusive Series),Aston Martin,Vantage AMR Pro
Road Collection,Exclusive Series,Ferrari F12TDF (Exclusive Series),Ferrari,F12TDF
Road Collection,Exclusive Series,Aston Martin One-77 (Exclusive Series),Aston Martin,One-77
Road Collection,Exclusive Series,Ferrari 812 Superfast (Exclusive Series),Ferrari,812 Superfast
Road Collection,Exclusive Series,Ferrari F8 Tributo (Exclusive Series),Ferrari,F8 Tributo
Road Collection,Exclusive Series,Mercedes-Benz CLK-LM (Exclusive Series),Mercedes-Benz,CLK-LM
Road Collection,Exclusive Series,Porsche 918 RSR Concept (Exclusive Series),Porsche,918 RSR Concept
Road Collection,Exclusive Series,Porsche 911 GT1-98 (Exclusive Series),Porsche,911 GT1-98
Road Collection,Exclusive Series,Chevrolet Corvette C6.R GT2 (Exclusive Series),Chevrolet,Corvette C6.R GT2
Road Collection,Exclusive Series,Ford GT (2017) (Exclusive Series),Ford,GT (2017)
Road Collection,Exclusive Series,Chevrolet Corvette C8 Z06 (Exclusive Series),Chevrolet,Corvette C8 Z06
Road Collection,Exclusive Series,Mercedes-AMG GT3 (Exclusive Series),Mercedes-AMG,GT3
Road Collection,Exclusive Series,Mercedes-AMG GT Black Series (Exclusive Series),Mercedes-AMG,GT Black Series
Road Collection,Exclusive Series,Mazda Furai (Exclusive Series),Mazda,Furai
Road Collection,Exclusive Series,McLaren 650S GT3 (Exclusive Series),McLaren,650S GT3
Road Collection,Exclusive Series,Ariel Atom V8 (Exclusive Series),Ariel,Atom V8
Road Collection,Exclusive Series,McLaren 720S Coupe (Exclusive Series),McLaren,720S Coupe
Road Collection,Exclusive Series,Audi R8 (2021) (Exclusive Series),Audi,R8 (2021)
Road Collection,Exclusive Series,Lamborghini Aventador SVJ (Exclusive Series),Lamborghini,Aventador SVJ
Road Collection,Exclusive Series,Ferrari F40 LM (Exclusive Series),Ferrari,F40 LM
Road Collection,Exclusive Series,Lamborghini Huracan Performante (Exclusive Series),Lamborghini,Huracan Performante
Road Collection,Exclusive Series,Lamborghini Huracan STO (Exclusive Series),Lamborghini,Huracan STO
Road Collection,Exclusive Series,Ferrari 488 GT3 (Exclusive Series),Ferrari,488 GT3
Road Collection,Exclusive Series,Porsche 911 GT3 R (Exclusive Series),Porsche,911 GT3 R
Road Collection,Exclusive Series,McLaren 720S GT3 (Exclusive Series),McLaren,720S GT3
Road Collection,Exclusive Series,Bentley Continental GT3 (Exclusive Series),Bentley,Continental GT3
Road Collection,Exclusive Series,McLaren 765LT (Exclusive Series),McLaren,765LT
Road Collection,Exclusive Series,Ferrari LaFerrari (Exclusive Series),Ferrari,LaFerrari
Road Collection,Exclusive Series,Ferrari Daytona SP3 (Exclusive Series),Ferrari,Daytona SP3
Road Collection,Exclusive Series,McLaren Senna (Exclusive Series),McLaren,Senna
Road Collection,Exclusive Series,Lamborghini Centenario LP770-4 (Exclusive Series),Lamborghini,Centenario LP770-4
Road Collection,Exclusive Series,Porsche 936/77 Spyder (Exclusive Series),Porsche,936/77 Spyder
Road Collection,Exclusive Series,Jaguar C-X75 (Exclusive Series),Jaguar,C-X75
Road Collection,Exclusive Series,Renault R.S. 01 (Exclusive Series),Renault,R.S. 01
Road Collection,Exclusive Series,Lamborghini Sian FKP 37 (Exclusive Series),Lamborghini,Sian FKP 37
Road Collection,Exclusive Series,Lamborghini Countach LPI 800-4 (Exclusive Series),Lamborghini,Countach LPI 800-4
Road Collection,Exclusive Series,McLaren P1 (Exclusive Series),McLaren,P1
Road Collection,Exclusive Series,Lamborghini Sesto Elemento (Exclusive Series),Lamborghini,Sesto Elemento
Road Collection,Exclusive Series,Brabham BT62 (Exclusive Series),Brabham,BT62
Road Collection,Exclusive Series,Lamborghini Essenza SCV12 (Exclusive Series),Lamborghini,Essenza SCV12
Road Collection,Exclusive Series,Bugatti Veyron 16.4 (Exclusive Series),Bugatti,Veyron 16.4
Road Collection,Exclusive Series,Mercedes-Benz C11 (Exclusive Series),Mercedes-Benz,C11
Road Collection,Exclusive Series,Nissan GT-R (R35) R3 Spec (Exclusive Series),Nissan,GT-R (R35) R3 Spec
Road Collection,Exclusive Series,Lamborghini Veneno (Exclusive Series),Lamborghini,Veneno
Road Collection,Exclusive Series,Aston Martin Vulcan (Exclusive Series),Aston Martin,Vulcan
Road Collection,Exclusive Series,Bentley Continental GT Speed (2021) (Exclusive Series),Bentley,Continental GT Speed (2021)
Road Collection,Exclusive Series,Bugatti Veyron 16.4 Grand Sport Vitesse (Exclusive Series),Bugatti,Veyron 16.4 Grand Sport Vitesse
Road Collection,Exclusive Series,Porsche 911 GT2 RS (Exclusive Series),Porsche,911 GT2 RS
Road Collection,Exclusive Series,Ferrari SF90 Stradale (Exclusive Series),Ferrari,SF90 Stradale
Road Collection,Exclusive Series,Pagani Zonda R (Exclusive Series),Pagani,Zonda R
Road Collection,Exclusive Series,Porsche 911 GT2 RS Clubsport (Exclusive Series),Porsche,911 GT2 RS Clubsport
Road Collection,Exclusive Series,Porsche 935 (2019) (Exclusive Series),Porsche,935 (2019)
Road Collection,Exclusive Series,Porsche 911 GT2 RS Clubsport 25 (Exclusive Series),Porsche,911 GT2 RS Clubsport 25
Road Collection,Exclusive Series,Bugatti Chiron (Exclusive Series),Bugatti,Chiron
Road Collection,Exclusive Series,Bugatti Divo (Exclusive Series),Bugatti,Divo
Road Collection,Exclusive Series,Aston Martin Vantage GTE (2017) (Exclusive Series),Aston Martin,Vantage GTE (2017)
Road Collection,Exclusive Series,McLaren P1 GTR (Exclusive Series),McLaren,P1 GTR
Road Collection,Exclusive Series,Ferrari FXX K (Exclusive Series),Ferrari,FXX K
Road Collection,Exclusive Series,Ford GT Le Mans (2019) (Exclusive Series),Ford,GT Le Mans (2019)
Road Collection,Exclusive Series,Porsche 911 Turbo S (Exclusive Series),Porsche,911 Turbo S
Road Collection,Exclusive Series,Ferrari FXX K Evo (Exclusive Series),Ferrari,FXX K Evo
Road Collection,Exclusive Series,McLaren Senna GTR (Exclusive Series),McLaren,Senna GTR
Road Collection,Exclusive Series,Hennessey Venom GT (Exclusive Series),Hennessey,Venom GT
Road Collection,Exclusive Series,Koenigsegg Regera (Exclusive Series),Koenigsegg,Regera
Road Collection,Exclusive Series,Bugatti Chiron Sport (Exclusive Series),Bugatti,Chiron Sport
Road Collection,Exclusive Series,Pagani Huayra BC (Exclusive Series),Pagani,Huayra BC
Road Collection,Exclusive Series,Pagani Huayra R (Exclusive Series),Pagani,Huayra R
Road Collection,Exclusive Series,Koenigsegg One:1 (Exclusive Series),Koenigsegg,One:1
Road Collection,Exclusive Series,Koenigsegg Agera RS (Exclusive Series),Koenigsegg,Agera RS
Road Collection,Exclusive Series,Bugatti La Voiture Noire (Exclusive Series),Bugatti,La Voiture Noire
Road Collection,Exclusive Series,Porsche Mission R (Exclusive Series),Porsche,Mission R
Road Collection,Exclusive Series,Lotus Evija (Exclusive Series),Lotus,Evija
Road Collection,Exclusive Series,Apollo Intensa Emozione (Exclusive Series),Apollo,Intensa Emozione
Road Collection,Exclusive Series,Koenigsegg Jesko (Exclusive Series),Koenigsegg,Jesko
Road Collection,Exclusive Series,Hennessey Venom F5 (Exclusive Series),Hennessey,Venom F5
Road Collection,Exclusive Series,Porsche 963 LMDh (Exclusive Series),Porsche,963 LMDh
Road Collection,Exclusive Series,Radical SR10 XXR (Exclusive Series),Radical,SR10 XXR
Road Collection,Exclusive Series,Aston Martin Valhalla Concept (Exclusive Series),Aston Martin,Valhalla Concept
Road Collection,Exclusive Series,1988 McLaren MP4/4 (Exclusive Series),McLaren,MP4/4
Road Collection,Exclusive Series,Aston Martin Valkyrie (Exclusive Series),Aston Martin,Valkyrie
Road Collection,Exclusive Series,Bugatti Bolide (Exclusive Series),Bugatti,Bolide
Road Collection,Exclusive Series,Lotus Type 125 (Exclusive Series),Lotus,Type 125
Road Collection,Exclusive Series,Ferrari F14 T (Exclusive Series),Ferrari,F14 T
Road Collection,Exclusive Series,Volkswagen ID.R (Exclusive Series),Volkswagen,ID.R
Road Collection,Exclusive Series,Porsche 919 Hybrid Evo (Exclusive Series),Porsche,919 Hybrid Evo
Road Collection,Exclusive Series,McLaren MP4-X (Exclusive Series),McLaren,MP4-X
Road Collection,Exclusive Series,Morgan Plus Six (Exclusive Series),Morgan,Plus Six
Road Collection,Exclusive Series,Audi R18 E-Tron Quattro (2015) (Exclusive Series),Audi,R18 E-Tron Quattro (2015)
Road Collection,Exclusive Series,Pagani Utopia (Exclusive Series),Pagani,Utopia
Road Collection,Exclusive Series,Porsche 962C (Exclusive Series),Porsche,962C
Road Collection,Exclusive Series,Ferrari 296 GTB (Exclusive Series),Ferrari,296 GTB
Road Collection,Exclusive Series,Koenigsegg Jesko Absolut (Exclusive Series),Koenigsegg,Jesko Absolut
Road Collection,Exclusive Series,Rimac Nevera (Exclusive Series),Rimac,Nevera
Road Collection,Exclusive Series,McLaren Artura (Exclusive Series),McLaren,Artura
Road Collection,Exclusive Series,Lotus Emira (Exclusive Series),Lotus,Emira
Road Collection,Exclusive Series,Porsche 919 Hybrid (2015) (Exclusive Series),Porsche,919 Hybrid (2015)
Road Collection,Exclusive Series,Koenigsegg Gemera (Exclusive Series),Koenigsegg,Gemera
Road Collection,Exclusive Series,Aston Martin Vulcan AMR Pro (Exclusive Series),Aston Martin,Vulcan AMR Pro
Road Collection,Exclusive Series,Ford Mustang Dark Horse (Exclusive Series),Ford,Mustang Dark Horse
Road Collection,Exclusive Series,Ferrari 499P (Exclusive Series),Ferrari,499P
Road Collection,Exclusive Series,Ferrari SF90 XX Stradale (Exclusive Series),Ferrari,SF90 XX Stradale
Road Collection,Exclusive Series,Koenigsegg CC850 (Exclusive Series),Koenigsegg,CC850
Road Collection,Exclusive Series,Formula 1 Valente (Exclusive Series),Formula 1,Valente
Road Collection,Exclusive Series,Bugatti Centodieci (Exclusive Series),Bugatti,Centodieci
Road Collection,Exclusive Series,Aston Martin Valour (Exclusive Series),Aston Martin,Valour
Road Collection,Exclusive Series,Zenvo Aurora Tur (Exclusive Series),Zenvo,Aurora Tur
Road Collection,Exclusive Series,McLaren Speedtail (2020) (Exclusive Series),McLaren,Speedtail (2020)
Road Collection,Exclusive Series,Lotus Evija X (Exclusive Series),Lotus,Evija X
Road Collection,Exclusive Series,Automobili Pininfarina Battista Edizione Nino Farina (Exclusive Series),Automobili Pininfarina,Battista Edizione Nino Farina
Road Collection,Exclusive Series,Duqueine D08 LMP3 (Exclusive Series),Duqueine,D08 LMP3
Road Collection,Exclusive Series,Ligier JS P320 (Exclusive Series),Ligier,JS P320
Road Collection,Exclusive Series,Peugeot 9X8 Hypercar (Exclusive Series),Peugeot,9X8 Hypercar
Road Collection,Exclusive Series,McLaren Artura GT4 (Exclusive Series),McLaren,Artura GT4
Road Collection,Exclusive Series,Audi S1 E-Tron Quattro (Exclusive Series),Audi,S1 E-Tron Quattro
