Manufacturer,Model,PR,Top_Speed,Acceleration,Braking,Grip,Class,Type,Series,Purchase_Cost,Service_Time,Service_Cost,Availability
Acura,NSX GT3,65.2,273,3.01,29.5,1.65,R,MR,2,750 Gold,180,1990,True
Acura,ARX-05,78.4,321,2.79,25.6,1.76,R,MR,1,850 Gold,180,1997,True
Ariel,Atom 3.5,44.4,249,2.70,30.4,1.00,S,RR,2,255000 R$,140,1170,True
Ariel,Atom V8,61.1,321,2.29,30.4,1.20,S,RR,2,150 Gold,180,1402,True
Aston Martin,DB9,28.2,294,4.50,32.0,1.00,P,FR,4,230000 R$,130,1132,True
Aston Martin,Vanquish,33.6,294,4.09,31.3,1.01,P,FR,3,110 Gold,150,1230,True
Aston Martin,V12 Vantage S,43.8,329,3.70,30.4,1.10,P,FR,3,425000 R$,170,1355,True
Aston Martin,Vantage AMR Pro,51.3,302,3.59,28.0,1.29,R,FR,2,500 Gold,180,1415,True
Aston Martin,Vantage 59,40.4,313,4.00,30.4,1.07,P,FR,2,400 Gold,180,1415,True
Aston Martin,Vantage N430,40.2,313,4.09,30.1,1.14,P,FR,2,240 Gold,180,1415,True
Aston Martin,Vantage GT3,51.8,317,3.29,29.5,1.23,P,FR,3,571500 R$,190,1462,True
Aston Martin,One-77,53.8,354,3.50,29.2,1.25,S,FR,2,600 Gold,180,1480,True
Aston Martin,Vulcan,70.8,345,2.90,26.8,1.52,S,FR,4,800 Gold,120,1665,True
Aston Martin,Vantage GT4,48.5,268,4.00,30.7,1.50,R,FR,1,475 Gold,180,1915,True
Aston Martin,Vantage GTE (2012),72.2,331,2.59,27.4,1.52,P,FR,1,600 Gold,120,1985,True
Aston Martin,Vantage GTE (2017),78.1,318,2.89,25.2,1.78,R,FR,2,650 Gold,180,1990,True
Aston Martin,Vantage GTE (2018),79.1,318,2.84,24.9,1.78,R,FR,1,680 Gold,180,1997,True
Audi,TT RS Coupe,18.8,249,4.09,36.8,0.89,P,F4,3,56850 R$,40,627,True
Audi,R8 V10 Coupe,44.6,315,3.90,29.8,1.20,S,M4,3,187300 R$,120,1060,True
Audi,R8 LMS Ultra,50.4,315,3.50,30.7,1.29,R,MR,6,366300 R$,160,1302,True
Audi,TT RS Coupe (2019),39.9,280,3.40,30.4,1.00,P,F4,1,340 Gold,180,1332,True
Audi,R8 V10 Spyder,48.6,317,3.50,29.8,1.20,S,M4,4,250 Gold,170,1347,True
Audi,R8 LMS GT4,48.5,267,4.09,30.1,1.52,R,MR,1,475 Gold,180,1915,True
Audi,R18 E-Tron Quattro (2015),90.5,378,2.60,25.6,2.09,R,MR(RHD),2,950 Gold,180,1997,True
Audi,R18 E-Tron Quattro (2014),89.9,376,2.56,25.6,1.90,R,M4(RHD),2,4000000 R$,320,2165,True
Bentley,Continental GT Speed,34.8,329,4.00,30.7,0.93,S,F4,3,240000 R$,135,1150,True
Bentley,Continental Supersports,37.4,328,3.70,31.6,0.94,S,F4,2,267000 R$,140,1187,True
BMW,1 Series M Coupe,18.2,249,4.90,32.0,0.98,P,FR,3,59800 R$,45,647,True
BMW,Z4 M Coupe,12.4,249,5.00,36.5,0.90,P,FR,4,62900 R$,45,665,True
BMW,M3 Coupe,21.4,249,4.59,33.5,0.95,P,FR,2,84600 R$,65,772,True
BMW,Z4 SDrive35is,19.3,249,4.80,32.3,0.96,P,FR,2,89700 R$,70,792,True
BMW,M3 GTS,28.9,305,4.40,32.0,0.90,P,FR,4,118700 R$,90,895,True
BMW,M6 Coupe,30.3,305,4.19,32.0,0.98,P,FR,3,127700 R$,95,920,True
BMW,3.0 CSL,3.5,249,6.50,32.0,0.95,R,FR,1,160 Gold,120,1230,True
BMW,M1,19.8,260,5.59,30.4,1.14,S,RR,2,200 Gold,165,1332,True
BMW,Z4 GT3,50.3,289,3.20,29.8,1.24,R,FR,3,457000 R$,175,1382,True
BMW,M2 Competition,28.2,280,4.25,34.1,1.01,P,FR,1,300 Gold,180,1415,True
BMW,M3 GT2 ALMS,59.9,307,3.20,30.4,1.50,R,FR,3,654000 R$,200,1512,True
BMW,M5,48.5,304,3.00,29.5,1.05,P,F4,1,375 Gold,180,N/A,True
BMW,3.0 CSL Hommage R,50.5,305,3.50,28.9,1.26,S,FR,1,550 Gold,150,1812,True
BMW,M4 GT4,48.6,273,4.01,30.4,1.49,R,FR,1,475 Gold,180,N/A,True
BMW,M8 GTE,78.2,302,2.77,25.9,1.79,R,FR,1,680 Gold,180,1990,True
BMW,Driving Experience M4 Racing,64.0,284,2.59,31.3,1.50,R,FR,2,600 Gold,180,1990,True
BMW,M6 GT3,65.2,273,3.09,28.9,1.66,R,FR,1,750 Gold,180,1990,True
Bugatti,EB 110 Super Sport,34.7,342,4.40,34.1,1.11,S,M4,1,410 Gold,180,1415,True
Bugatti,Veyron 16.4,69.4,407,2.70,31.3,1.39,S,M4,3,1650000 R$,260,1845,True
Bugatti,Veyron 16.4 Grand Sport Vitesse,71.8,410,2.59,30.4,1.39,S,M4,3,750 Gold,285,1997,True
Bugatti,Chiron,77.1,420,2.40,31.3,1.50,S,M4,1,750 Gold,180,1997,True
Bugatti,Chiron Sport,80.6,420,2.40,29.8,1.60,S,M4,2,950 Gold,180,2062,True
Cadillac,DPI-V.R,78.4,325,2.76,26.2,1.75,R,MR,2,850 Gold,180,1997,True
Caterham,Seven 620 R,49.0,249,2.70,32.0,1.17,S,FR(RHD),2,378500 R$,165,1312,True
Chevrolet,Cobalt SS,3.7,257,5.69,35.9,0.89,P,FF,1,33590 R$,5,437,True
Chevrolet,Camaro ZL1 (2013),26.2,289,4.00,38.4,1.00,S,FR,3,61350 R$,45,655,True
Chevrolet,Corvette Stingray Z51,38.3,305,3.70,32.6,1.04,R,FR,3,300 Gold,95,940,True
Chevrolet,Corvette ZR1,43.8,329,3.40,31.3,1.04,S,FR,2,50 Gold,100,947,True
Chevrolet,SS (NASCAR Academy),25.6,283,4.09,34.7,0.90,R,FR,1,200000 R$,10,397,False
Chevrolet,Camaro SS (2017),28.6,289,4.30,35.6,1.02,P,FR,1,200 Gold,120,1082,True
Chevrolet,Camaro SS (1967),3.4,225,6.00,47.5,0.77,P,FR,1,55 Gold,120,1125,True
Chevrolet,Stingray 427 (1969),11.0,273,4.69,39.6,0.80,R,FR,2,150 Gold,180,1415,True
Chevrolet,SS (Hendrick Motorsports - 2015),44.1,317,3.60,30.7,1.12,S,FR,1,500 Gold,180,1560,False
Chevrolet,SS (Stewart-Haas Racing - 2015),44.1,317,3.58,31.0,1.12,S,FR,1,500 Gold,180,1560,False
Chevrolet,SS (Stewart-Haas Racing - 2016),44.1,317,3.58,30.1,1.10,S,FR,1,500 Gold,180,1560,False
Chevrolet,SS (Hendrick Motorsports - 2016),44.1,318,3.54,30.4,1.09,S,FR,1,500 Gold,180,1560,False
Chevrolet,SS (Hendrick Motorsports - 2017),43.5,320,3.50,30.4,1.04,S,FR,1,500 Gold,180,1560,False
Chevrolet,Camaro ZL1 (2018),43.8,325,3.50,30.1,1.03,R,FR,1,500 Gold,180,1560,False
Chevrolet,Camaro ZL1 (2019),45.7,325,3.50,29.8,1.09,R,FR,2,500 Gold,180,1560,False
Chevrolet,Camaro GT4.R,48.7,263,4.00,30.1,1.52,R,MR,1,475 Gold,180,1915,True
Chevrolet,Corvette C7.R,77.5,321,2.90,26.2,1.78,R,FR,1,650 Gold,285,1990,True
Dodge,Charger R/T,8.4,234,5.19,34.7,0.82,P,F4,1,36495 R$,10,467,True
Dodge,Challenger R/T,12.2,273,5.00,34.1,0.89,P,FR,3,43595 R$,25,532,True
Dodge,Charger SRT8,14.5,281,4.80,36.5,0.88,P,FR,3,46250 R$,25,552,True
Dodge,Challenger SRT8,17.2,273,4.50,34.7,0.92,P,FR,2,51400 R$,35,592,True
Dodge,Challenger RT (1971),0.2,204,7.00,47.2,0.73,P,FR,2,81000 R$,65,757,True
Dodge,Viper SRT10 Coupe,36.7,325,3.79,31.6,1.05,S,FR,3,108820 R$,80,862,True
Dodge,Charger RT (1969),1.9,210,6.44,48.1,0.72,P,FR,3,120000 R$,90,897,True
Dodge,Challenger SRT Hellcat,36.4,320,3.59,33.2,0.94,P,FR,2,275 Gold,105,980,True
Dodge,Viper SRT10 ACR-X,44.5,297,3.29,29.8,1.08,R,FR,2,214950 R$,125,1110,True
Ferrari,F40,37.2,323,3.79,36.2,1.10,S,MR,3,375000 R$,165,1310,True
Ferrari,Testarossa,20.2,289,5.19,32.3,1.00,S,RR,3,250 Gold,180,1367,True
Ferrari,F50,38.2,312,3.70,37.1,1.14,S,MR,2,160 Gold,180,1415,True
Ferrari,F430,36.6,315,3.90,32.0,1.01,S,RR,1,350 Gold,180,1422,True
Ferrari,FF,38.3,334,3.70,33.5,1.00,S,R4,2,585000 R$,190,1470,True
Ferrari,458 Spider,42.0,320,3.40,32.0,1.00,S,MR,2,610000 R$,195,1487,True
Ferrari,500 TRC,4.0,244,5.69,39.6,0.98,R,FR,1,300 Gold,180,1535,True
Ferrari,458 Italia,42.9,325,3.40,32.0,1.02,S,RR,4,720000 R$,205,1545,True
Ferrari,J50,48.9,326,2.90,31.6,1.03,S,RR,2,450 Gold,180,1585,True
Ferrari,599 GTO,47.4,334,3.20,31.3,1.05,S,FR,2,300 Gold,215,1592,True
Ferrari,F12Berlinetta,48.7,339,3.09,31.0,1.04,S,RR,3,320 Gold,215,1822,True
Ferrari,360 Modena,28.5,296,4.30,33.5,0.99,S,MR,1,350 Gold,180,1627,True
Ferrari,F12TDF,53.0,339,2.90,30.4,1.10,S,FR,2,720 Gold,225,1665,True
Ferrari,250 GTO,16.1,280,5.40,34.1,1.01,R,FR,1,375 Gold,180,1665,True
Ferrari,812 Superfast,54.9,355,2.90,30.4,1.12,S,FR,3,600 Gold,180,1800,True
Ferrari,F40 LM,63.3,368,3.00,29.5,1.35,R,MR,1,800 Gold,180,1812,True
Ferrari,Enzo Ferrari,45.2,354,3.50,31.6,1.04,S,MR,4,1550000 R$,255,1822,True
Ferrari,412 T2,98.5,337,2.15,17.6,3.09,R,MR(MHD),1,950 Gold,275,1915,True
Ferrari,F8 Tributo,55.6,339,2.79,26.6,1.10,S,MR,3,750 Gold,180,1915,True
Ferrari,488 GTE,77.9,329,2.85,26.2,1.76,R,FR,1,650 Gold,285,1990,True
Ferrari,488 GT3,65.2,276,3.06,29.2,1.65,R,MR,1,750 Gold,180,1990,True
Ferrari,F14 T,99.0,329,2.00,16.7,2.95,R,MR(MHD),3,1050 Gold,285,1997,True
Ferrari,488 GTE EVO (AF Corse),79.3,331,2.82,26.2,1.77,R,MR,1,680 Gold,180,1997,True
Ferrari,LaFerrari,66.0,349,2.90,27.7,1.39,S,MR,5,790 Gold,295,2037,True
Ferrari,FXX K,78.8,370,2.50,24.9,1.45,R,MR,2,950 Gold,180,2037,True
Ferrari,FXX K Evo,79.2,370,2.50,24.3,1.48,R,MR,2,980 Gold,180,2037,True
Ferrari,375 F1,52.6,278,2.90,28.9,1.20,R,FR(MHD),1,3600000 R$,310,2127,True
Ford,Focus RS,4.6,262,5.90,38.7,0.94,P,FF,3,33000 R$,4,432,True
Ford,Shelby GT500,27.5,289,4.19,32.6,0.96,P,FR,4,63100 R$,45,665,True
Ford,Mustang GT Premium,20.4,263,4.50,36.2,0.96,P,FR,4,125 Gold,75,832,True
Ford,GT (2005),38.4,329,3.59,33.2,0.92,S,MR,3,149500 R$,105,977,True
Ford,Shelby GT350R,43.5,313,3.45,32.3,1.10,S,FR,2,350 Gold,105,1192,True
Ford,GT FIA GT1,53.0,339,3.20,30.7,1.22,R,MR,2,374600 R$,165,1310,True
Ford,Fusion (NASCAR Academy),40.7,304,3.66,31.3,1.08,R,FR,1,400000 R$,20,342,False
Ford,Falcon FG X (2016),46.0,305,3.54,44.8,1.34,R,FR(RHD),1,600 Gold,195,1480,False
Ford,Falcon FG X (2017),48.7,307,3.55,44.8,1.41,R,FR(RHD),1,600 Gold,180,1510,False
Ford,Falcon FG X (2018),49.0,308,3.53,44.4,1.44,R,FR(RHD),2,600 Gold,180,1510,False
Ford,Fusion (Team Penske - 2015),44.1,318,3.61,30.4,1.11,S,FR,1,500 Gold,240,1560,False
Ford,Fusion (Team Penske - 2016),44.1,317,3.55,29.8,1.08,S,FR,1,500 Gold,180,1560,False
Ford,Fusion (Stewart-Haas Racing),43.5,321,3.50,30.4,1.01,S,FR,1,500 Gold,180,1560,False
Ford,Fusion (2018),43.8,321,3.50,29.8,1.03,R,FR,1,500 Gold,180,1560,False
Ford,Mustang (2019),45.7,325,3.50,30.1,1.10,R,FR,2,500 Gold,180,1560,False
Ford,Shelby GT350R R3 Spec,56.6,337,30.9,28.6,1.23,R,FR,1,450 Gold,180,1627,True
Ford,GT (2017),57.4,347,3.20,29.2,1.27,S,MR,2,500 Gold,180,1665,True
Ford,GT Le Mans (2016),77.9,321,2.79,25.6,1.74,R,FR,1,650 Gold,285,1990,True
Ford,GT Le Mans (2019),79.2,323,2.77,25.6,1.76,R,MR,1,680 Gold,180,1997,True
Ford,Fusion (Richard Petty Motorsports),44.1,317,3.52,29.8,1.07,R,FR,1,3000000 R$,150,2062,False
Formula 1,F1 Academy Car,110.3,305,2.15,18.2,3.00,R,MR,1,0 M$,180,0,True
Formula 1,Renault F1 Team R.S. 19,115.7,313,2.01,17.6,3.00,R,MR,3,2000000 M$,180,0,True
Formula 1,Red Bull Racing RB15,115.8,310,2.04,17.3,3.04,R,MR,3,2000000 M$,180,0,True
Formula 1,Toro Rosso STR14,115.7,310,2.06,17.3,3.01,R,MR,3,2000000 M$,180,0,True
Formula 1,Scuderia Ferrari SF90,115.8,313,2.00,17.0,3.03,R,MR,3,2000000 M$,180,0,True
Formula 1,Mercedes-AMG Petronas Motorsport F1 W10 EQ Power+,115.8,308,2.05,16.7,3.05,R,MR,3,2000000 M$,180,0,True
Formula 1,Haas F1 Team VF-19,115.6,312,2.01,17.3,3.00,R,MR,3,2000000 M$,180,0,True
Formula 1,Alfa Romeo Racing C38,115.6,312,2.01,17.0,3.01,R,MR,3,2000000 M$,180,0,True
Formula 1,McLaren F1 Team MCL34,115.7,313,2.01,16.7,3.03,R,MR,3,2000000 M$,180,0,True
Formula 1,SPScore Racing Point RP19,115.6,310,2.05,17.3,3.01,R,MR,3,2000000 M$,180,0,True
Formula 1,Rokit Williams Racing FW42,115.6,308,2.06,17.6,3.00,R,MR,3,2000000 M$,180,0,True
Formula E,SRT_01E (Season 3) (ABT Schaeffler FE02),33.4,225,3.79,30.7,1.08,R,MR(MHD),1,500 Gold,180,1585,True
Formula E,SRT_01E (Season 3) (NextEV TCR Formula 002),33.4,223,3.90,29.8,1.09,R,MR(MHD),2,500 Gold,180,1585,True
Formula E,SRT_01E (Season 3) (Renault Z.E. 16),33.4,228,3.90,30.1,1.09,R,MR(MHD),1,500 Gold,180,1585,True
Formula E,SRT_01E (Season 4),33.4,226,3.90,29.2,1.07,R,MR(MHD),1,500 Gold,180,1585,True
Formula E,SRT05E (Season 5),63.9,280,2.79,28.6,1.50,R,MR(MHD),2,600 Gold,180,1665,True
Hennessey,Venom GT,80.4,434,2.70,25.9,1.67,S,MR,3,950 Gold,180,1997,True
Holden,Commodore VF (2016),46.1,308,3.60,45.1,1.36,R,FR(RHD),1,600 Gold,195,1480,False
Holden,Commodore VF (2017),48.7,308,3.60,45.1,1.44,R,FR(RHD),1,600 Gold,180,1510,False
Holden,Commodore VF (2018),49.0,308,3.59,44.4,1.46,R,FR(RHD),2,600 Gold,180,1510,False
Honda,Integra Type-R,4.9,233,6.50,35.6,0.98,P,FF,1,120 Gold,180,832,True
Honda,Civic Type-R,4.7,234,6.69,35.9,0.95,P,FF,1,80 Gold,180,832,True
Honda,S2000 GT,5.1,239,5.80,34.4,0.95,P,FR,1,160 Gold,120,1082,True
Honda,NSX-R,19.8,280,4.69,35.6,0.95,P,MR,3,200 Gold,175,1377,True
Hyundai,Veloster Turbo,1.6,225,7.30,41.7,0.85,P,FF,2,22000 R$,5,285,True
Hyundai,i20 WRC,43.2,249,3.59,30.4,1.25,R,F4,2,500000 R$,180,1415,True
Jaguar,Lightweight E-Type,3.0,241,6.40,41.1,0.97,R,FR(RHD),2,180 Gold,150,1230,True
Jaguar,XJ220,39.8,349,3.59,36.2,1.04,S,MR,2,400 Gold,180,1415,True
Jaguar,F-Type SVR,45.2,321,3.50,30.4,1.10,P,F4,3,400 Gold,225,1665,True
Jaguar,XE SV Project 8,52.7,321,3.29,28.0,1.20,P,F4,2,500 Gold,180,1730,True
Jaguar,C-X75,66.8,354,2.90,29.5,1.46,S,M4,2,600 Gold,270,1897,True
Jaguar,XJR-9,69.8,394,3.29,28.3,1.54,R,MR,1,800 Gold,180,1997,True
Jaguar,C-X75 R3 Spec,79.7,389,2.60,25.9,1.62,R,M4,1,900 Gold,180,1997,True
Koenigsegg,CCXR,66.9,402,3.09,32.0,1.45,S,MR,3,1999800 R$,275,1915,True
Koenigsegg,Agera,72.5,432,3.00,30.4,1.50,S,MR,2,2210500 R$,280,1952,True
Koenigsegg,Agera R,78.3,439,2.90,29.5,1.60,S,MR,4,800 Gold,300,2062,True
Koenigsegg,Agera RS,82.1,447,2.56,28.3,1.60,S,MR,2,1000 Gold,180,N/A,True
Koenigsegg,One:1,81.1,439,2.50,25.2,1.75,S,MR,2,1100 Gold,180,2062,True
Koenigsegg,Regera,80.5,410,2.70,27.4,1.62,S,MR,2,1000 Gold,180,2062,True
KTM,X-Bow R,46.5,231,3.79,32.0,1.50,S,RR,3,115 Gold,150,1247,True
Lamborghini,Gallardo LP560-4,36.8,325,3.70,32.6,1.00,S,M4,4,168900 R$,110,1022,True
Lamborghini,Gallardo LP560 GT3,45.6,329,3.40,31.0,1.04,R,M4,2,326000 R$,155,1260,True
Lamborghini,Countach,19.9,297,5.19,32.3,0.98,S,MR,4,210 Gold,175,1365,True
Lamborghini,Huracan LP610-4,50.7,325,3.20,30.7,1.16,S,M4,6,450 Gold,90,1377,True
Lamborghini,Diablo SV,32.0,328,3.70,42.0,1.04,S,MR,1,400 Gold,180,1415,True
Lamborghini,Murcielago R-SV GT1,56.9,341,3.09,31.6,1.23,R,M4,3,592100 R$,195,1475,True
Lamborghini,Aventador LP700-4,50.9,349,2.90,30.4,1.05,S,M4,5,597700 R$,195,1480,True
Lamborghini,Huracan Super Trofeo Evo,52.3,275,3.00,27.7,1.20,R,MR,1,460 Gold,180,1480,True
Lamborghini,Miura,10.5,299,5.90,34.1,0.92,S,MR,2,490 Gold,195,1495,True
Lamborghini,Asterion LP910-4,63.3,320,3.00,28.3,1.44,S,M4,3,650 Gold,225,1647,True
Lamborghini,Huracan R3 Spec,64.3,362,2.90,27.4,1.30,R,M4,1,550 Gold,180,1812,True
Lamborghini,Aventador SVJ,62.8,349,2.50,28.6,1.20,S,M4,1,750 Gold,180,1812,True
Lamborghini,Huracan Performante,64.3,325,2.90,27.7,1.40,S,M4,2,560 Gold,180,1835,True
Lamborghini,Huracan GT3,65.2,280,3.02,29.2,1.63,R,MR,1,750 Gold,180,1990,True
Lamborghini,Sesto Elemento,68.8,337,2.50,27.4,1.38,S,M4,3,850 Gold,150,1997,True
Lamborghini,Centenario LP770-4,66.2,349,2.70,29.8,1.39,S,M4,2,850 Gold,180,1997,True
Lamborghini,Veneno,70.3,354,2.79,29.8,1.41,S,M4,3,900 Gold,315,2157,True
Lancia,LC2,82.5,384,2.79,28.3,1.79,R,MR,1,900 Gold,180,1997,True
Lexus,IS 350 F Sport (2014),5.9,230,5.59,32.6,0.91,P,FR,2,44000 R$,25,535,True
Lexus,IS F (2013),28.3,300,4.40,31.3,0.98,P,FR,2,62645 R$,45,662,True
Lexus,LFA,46.7,325,3.59,28.6,1.04,S,FR,4,130 Gold,170,1335,True
Lotus,Exige 360 Cup,42.4,273,3.59,29.8,1.14,R,MR,3,350 Gold,180,1415,True
Lotus,3-Eleven,57.3,289,2.90,28.3,1.29,R,MR,1,400 Gold,180,1415,True
Lotus,Type 125,96.2,329,2.65,17.6,2.84,R,MR(MHD),2,880 Gold,150,1997,True
Maserati,Granturismo MC Stradale,33.0,302,4.30,32.0,1.07,S,MR,2,390000 R$,165,1325,True
Maserati,Granturismo MC Stradale (Limited),41.4,318,3.79,30.1,1.08,S,MR,1,360 Gold,185,1425,True
Mazda,RX-3,0.1,185,7.69,42.0,0.80,P,FR,1,50 Gold,30,582,True
Mazda,RX-7 Spirit R (FD),17.2,255,4.80,34.1,0.92,P,FR,3,175 Gold,75,832,True
Mazda,Furai,60.5,289,3.15,26.5,1.42,S,MR,2,700 Gold,180,1915,True
Mazda,787B,68.8,350,3.33,29.8,1.67,R,MR,2,800 Gold,180,1997,True
Mazda,RT24-P,78.4,321,2.77,25.6,1.75,R,MR,1,850 Gold,180,1997,True
McLaren,MP4-12C,48.3,329,2.90,30.4,1.05,S,MR,5,65 Gold,140,1192,True
McLaren,12C Spider,50.7,328,3.09,30.7,1.13,S,MR,1,300 Gold,90,1535,True
McLaren,570GT,46.7,328,3.29,31.0,1.08,S,MR,2,400 Gold,210,1560,True
McLaren,F1 GTR,51.1,362,3.90,30.1,1.29,R,MR(MHD),2,630 Gold,180,1665,True
McLaren,F1,52.7,376,3.20,33.8,1.20,S,MR(MHD),4,1250000 R$,240,1745,True
McLaren,P1,67.8,350,2.79,28.9,1.45,S,MR,3,1300000 R$,245,1760,True
McLaren,675LT,54.2,329,2.79,28.9,1.09,S,MR,3,575 Gold,265,1867,True
McLaren,600LT,54.7,331,2.90,29.5,1.14,S,MR,1,600 Gold,180,1870,True
McLaren,720S Coupe,61.5,341,2.79,29.5,1.29,S,MR,5,650 Gold,180,1877,True
McLaren,P1 GTR,78.8,362,2.40,25.9,1.54,R,MR,3,900 Gold,120,1997,True
McLaren,650S GT3,60.8,333,2.90,28.0,1.28,R,MR,3,2500000 R$,120,1997,True
McLaren,MP4/4,93.8,333,2.90,17.3,2.25,R,MR,2,950 Gold,180,2037,True
McLaren,MP4-X,130.3,402,1.90,14.3,4.00,R,MR(MHD),2,1200 Gold,240,2117,True
Mercedes-Benz,190E 2.5-16 Evolution II,3.5,249,6.90,41.4,1.09,P,FR,2,80 Gold,105,980,True
Mercedes-AMG,A 45,30.4,249,4.19,32.3,1.10,P,F4,1,200 Gold,120,1082,True
Mercedes-Benz,SLS AMG,37.1,317,3.79,30.4,0.98,S,FR,2,260000 R$,140,1177,True
Mercedes-Benz,SL 65 AMG Black Series,38.3,318,3.79,32.0,1.00,S,FR,5,316000 R$,150,1247,True
Mercedes-Benz,SLS AMG GT3,43.0,299,3.50,30.4,1.09,R,FR,2,140 Gold,180,1415,True
Mercedes-Benz,SLR McLaren 722,48.6,337,3.50,29.2,1.13,S,FR,1,450 Gold,180,1585,True
Mercedes-AMG,GT3,60.2,328,3.00,27.4,1.29,R,FR,2,650 Gold,180,1665,True
Mercedes-Benz,CLK-LM,56.0,360,3.40,30.4,1.29,R,MR,2,640 Gold,180,1665,True
Mercedes-AMG,GT4,48.3,271,4.05,31.0,1.46,R,FR,1,475 Gold,180,1915,True
Mercedes-AMG,C 63 Touring Car,64.3,289,2.70,29.5,1.48,R,FR,2,600 Gold,180,1990,True
Mercedes-Benz,C11,69.9,400,3.20,28.9,1.52,R,MR,2,800 Gold,180,1997,True
Mercedes-AMG,GT R F1 Safety Car,43.2,317,3.59,29.2,1.04,R,FR,1,N/A,N/A,N/A,True
Nissan,Silvia (S15),1.7,243,5.50,34.4,0.85,P,FR(RHD),3,25700 R$,1,342,True
Nissan,Skyline GT-R V-Spec (R34),2.5,257,5.80,36.5,0.88,P,FR(RHD),5,35600 R$,9,460,True
Nissan,350Z (Z33),8.3,249,5.30,34.1,0.90,P,FR,5,47600 R$,30,565,True
Nissan,Skyline 2000 GT-R (KPGC10),0.1,201,7.90,44.1,0.85,P,FR(RHD),1,50 Gold,30,582,True
Nissan,370Z (Z34),19.1,275,5.09,32.6,0.95,P,FR,3,58500 R$,40,637,True
Nissan,240Z (S30),0.6,201,8.00,41.1,0.93,P,FR,1,50 Gold,55,702,True
Nissan,Skyline GT-R V-Spec (R33),2.3,251,5.90,37.1,0.91,P,F4,1,120 Gold,75,832,True
Nissan,GT-R Premium (R35),46.2,310,2.79,30.7,1.04,S,F4,5,170000 R$,110,1025,True
Nissan,300ZX (Z32),4.4,249,5.69,38.0,0.94,P,FR,1,180 Gold,135,1165,True
Nissan,370Z Nismo (Z34),19.4,249,4.90,34.7,1.02,P,FR,2,260 Gold,175,1377,True
Nissan,Skyline GT-R (R34) R3 Spec,32.5,297,4.80,31.6,1.22,R,FR,1,300 Gold,180,1377,True
Nissan,Sumo Power GT GT-R GT1,55.0,320,3.09,30.1,1.27,R,FR(RHD),2,458700 R$,175,1382,True
Nissan,JR Motopsports GT-R GT1,56.4,317,3.00,29.8,1.28,R,FR(RHD),3,459400 R$,175,1385,True
Nissan,Skyline GT-R Group A (BNR32),37.7,305,4.69,34.4,1.39,R,F4(RHD),3,280 Gold,180,1415,True
Nissan,240Z (S30) R3 Spec,27.7,265,4.69,33.5,1.16,R,F4,2,180 Gold,180,1415,True
Nissan,Silvia (S15) R3 Spec,40.6,273,4.50,30.4,1.39,R,FR,4,300 Gold,60,1450,True
Nissan,370Z (Z34) R3 Spec,41.2,281,4.19,30.4,1.29,R,FR,1,350 Gold,180,1450,True
Nissan,Altima (2016),46.0,307,3.68,44.4,1.37,R,FR(RHD),1,600 Gold,175,1480,False
Nissan,Altima (2017),48.7,307,3.66,44.4,1.44,R,FR(RHD),1,600 Gold,180,1510,False
Nissan,Altima (2018),49.0,308,3.59,43.8,1.44,R,FR(RHD),2,600 Gold,180,1510,False
Nissan,GT-R Nismo (R35),48.2,315,2.90,31.0,1.08,S,F4,1,520 Gold,180,1605,True
Nissan,R390 GT1,52.7,354,3.79,29.5,1.32,R,MR,1,630 Gold,180,1665,True
Nissan,GT-R LM Nismo (2015),90.1,391,2.40,26.8,1.79,R,FF(RHD),2,950 Gold,180,1997,True
Nissan,GT-R (R35) R3 Spec,70.0,354,2.50,26.5,1.35,R,FR,2,850 Gold,180,1997,True
Pagani,Zonda F,55.8,345,3.59,30.1,1.39,S,MR,3,1280000 R$,245,1755,True
Pagani,Huayra,65.4,357,3.29,29.8,1.60,S,MR,4,1358000 R$,245,1775,True
Pagani,Zonda R,74.0,350,2.70,29.2,1.62,S,MR,6,400 Gold,280,1965,True
Pagani,Huayra BC,80.8,370,2.29,28.9,1.66,S,RR,2,900 Gold,180,1997,True
Porsche,911 Targa (1974),0.1,209,8.19,39.3,0.89,P,RR,1,53000 R$,35,602,True
Porsche,911 Carrera 2 Speedster (1993),10.7,259,5.69,32.9,0.97,S,RR,2,135000 R$,95,940,True
Porsche,911 Turbo (2009),43.8,310,3.40,30.4,1.04,S,R4,4,148000 R$,100,975,True
Porsche,911 GT3 RS,34.8,310,4.00,30.1,0.99,P,RR,3,172700 R$,115,1030,True
Porsche,911 GT3 RS 4.0,40.2,310,3.79,29.8,1.08,S,RR,2,185950 R$,115,1057,True
Porsche,911 Carrera RS 3.8 (1995),20.7,276,5.00,32.3,0.99,S,RR,3,230000 R$,130,1132,True
Porsche,911 GT3 Cup,42.1,329,3.40,30.4,1.02,R,RR,3,265500 R$,140,1185,True
Porsche,911 GT2 (2003),35.9,318,4.00,31.0,1.00,S,RR,4,120 Gold,145,1205,True
Porsche,911 Carrera RS 2.7 (1972),3.3,241,6.30,34.4,0.96,S,RR,3,300000 R$,150,1230,True
Porsche,959 Sport,39.2,318,3.59,34.4,1.05,P,RR,2,320 Gold,165,1332,True
Porsche,911 Carrera S,38.7,307,4.00,29.8,1.08,P,RR,2,320 Gold,165,1332,True
Porsche,Cayman S,30.2,284,4.19,31.6,0.99,P,MR,2,290 Gold,170,1352,True
Porsche,Cayman GT4,29.2,296,4.40,30.4,0.98,P,MR,3,280 Gold,170,1352,True
Porsche,Carrera GT,44.4,329,3.79,30.7,0.99,S,MR,3,449900 R$,175,1375,True
Porsche,Boxster GTS,40.5,278,4.40,31.0,1.17,P,MR,1,300 Gold,180,1415,True
Porsche,718 RSK,10.8,260,5.09,37.1,0.92,R,MR,1,400 Gold,180,1415,True
Porsche,918 RSR Concept,56.0,321,3.09,29.8,1.29,R,MR,4,150 Gold,190,1452,True
Porsche,909 Bergspyder,50.3,249,2.40,29.2,1.04,R,MR,1,400 Gold,180,1585,True
Porsche,918 Spyder Concept,60.2,321,3.00,30.1,1.39,S,M4,7,845000 R$,215,1605,True
Porsche,918 Spyder Weissach Package,70.4,344,2.50,28.6,1.45,S,MR,3,700 Gold,225,1647,True
Porsche,911 GT1-98,56.6,357,3.40,29.8,1.30,R,MR,3,650 Gold,180,1665,True
Porsche,935,52.0,339,3.29,33.5,1.27,R,RR,1,650 Gold,180,1665,True
Porsche,919 Hybrid (2014),90.2,362,2.63,24.9,2.00,R,M4,2,950 Gold,120,1812,True
Porsche,911 GT3 RS (2018),55.3,312,3.09,28.0,1.24,S,RR,1,600 Gold,180,1812,True
Porsche,911 RSR (2013),74.4,296,2.70,26.8,1.70,R,RR,2,600 Gold,265,1877,True
Porsche,718 Cayman GT4 Clubsport,48.4,271,4.15,30.1,1.49,R,MR,2,475 Gold,180,1915,True
Porsche,911 RSR (2014),74.4,305,2.70,26.8,1.70,R,RR,2,600 Gold,285,1982,True
Porsche,911 RSR (2015),75.6,317,2.68,26.5,1.72,R,RR,2,600 Gold,285,1990,True
Porsche,911 RSR (2016),77.4,318,2.74,26.8,1.75,R,RR,1,650 Gold,285,1990,True
Porsche,911 RSR (2017),78.1,320,2.74,26.5,1.76,R,MR,1,680 Gold,180,1990,True
Porsche,911 RSR (2018),79.0,320,2.74,26.2,1.78,R,MR,1,680 Gold,180,1990,True
Porsche,911 RSR (2019),79.2,320,2.74,26.2,1.78,R,MR,1,680 Gold,180,1990,True
Porsche,917K,62.1,354,3.00,29.5,1.35,R,MR,1,670 Gold,180,1997,True
Porsche,962C,70.5,349,2.97,29.2,1.60,R,MR,1,800 Gold,180,1997,True
Porsche,936/77 Spyder,66.4,360,2.98,29.2,1.45,R,MR,2,740 Gold,180,1997,True
Porsche,911 GT2 RS,73.0,386,2.70,29.2,1.50,S,RR,2,800 Gold,180,1997,True
Porsche,911 GT2 RS Clubsport,74.1,339,2.59,28.6,1.60,R,FR,2,825 Gold,180,1997,True
Porsche,919 Hybrid (2015),90.5,376,2.57,24.3,2.06,R,MR,2,950 Gold,180,1997,True
Porsche,919 Hybrid Evo,110.5,370,2.01,16.7,2.90,R,M4,2,1150 Gold,180,2090,True
Renault,Clio Cup,5.7,238,5.80,36.2,0.99,S,FF,2,40 Gold,40,630,True
Renault,Megane R.S. 275 Trophy-R,14.1,254,5.80,34.1,1.14,P,FF(RHD),2,95 Gold,90,647,True
Renault,Dezir Concept,11.1,180,5.00,35.0,1.00,S,MR,1,260 Gold,170,1352,True
Renault,R.S. 01,66.8,325,3.00,27.1,1.50,S,MR,3,2100000 R$,275,1932,True
Shelby,Cobra GT500 (1967),3.4,222,6.19,48.7,0.80,P,FR,3,80 Gold,130,1125,True
Shelby,Cobra 427 (1966),23.1,265,4.19,36.5,0.95,S,FR,3,180 Gold,195,1480,True
Spada,Codatronca TS,56.3,339,2.95,28.6,1.16,S,FR,1,690000 R$,205,1530,True
Spada,Codatronca Barchetta,57.5,334,2.78,29.2,1.17,S,FR,1,270 Gold,205,1550,True
SRT,Viper GTS,42.4,331,3.50,32.3,1.05,S,FR,2,176000 R$,115,1037,True
Toyota,Camry (Sunoco),41.0,313,3.70,31.0,1.07,R,FR,1,720000 R$,30,1545,False
Toyota,Camry (Joe Gibbs Racing - 2015),44.1,315,3.58,30.1,1.10,S,FR,1,500 Gold,180,1560,False
Toyota,Camry (Joe Gibbs Racing - 2016),44.1,318,3.57,30.1,1.09,S,FR,1,500 Gold,180,1560,False
Toyota,Camry (Joe Gibbs Racing - 2017),43.5,320,3.50,29.8,1.01,S,FR,1,500 Gold,180,1560,False
Toyota,Camry (2018),43.8,321,3.50,30.1,1.04,S,FR,1,500 Gold,180,1560,False
Toyota,Camry (2019),45.7,326,3.50,30.1,1.09,R,FR,2,500 Gold,180,1560,False
Toyota,TS040 Hybrid (2014),89.4,394,2.50,26.2,1.82,R,M4,2,950 Gold,325,2192,True 
